134	DB_IsPlayer	GLO_Follower.txt:90
95	ObjectFlagSet	GLO_Arena.txt:30
72	DialogEnded	GLO_Arena.txt:61
65	StoryEvent	GLO_Arena.txt:1033
44	DB_CombatCharacters	GLO_Arena.txt:657
39	DB_DialogNPCs	GLO_Checkpoints.txt:44
37	DB_DialogPlayers	ZZZ_LastGoal.txt:47
34	IsTagged	Z_Shared_CharacterCreation.txt:305
31	StringConcatenate	GLO_BidirShovelTunnel.txt:10
28	TextEventSet	_CRIME_Prison.txt:647
23	CharacterEnteredTrigger	GLO_Follower.txt:115
23	CharacterIsPlayer	GLO_Arena.txt:643
23	CharacterUsedItem	_GLOBAL_TeleporterPyramids.txt:24
19	DB_TeleporterPyramid	_GLOBAL_TeleporterPyramids.txt:8
18	CharacterGetHostCharacter	_GLOBAL_Shared_Shapeshifting.txt:150
18	QRY_SpeakerIsAvailable	_GLOBAL_TutorialMessages.txt:150
17	DialogStarted	GLO_Arena.txt:47
16	DB_Dead	_AAA_FirstGoal.txt:478
16	DB_FollowerOwners	GLO_Follower.txt:70
16	ObjectGetFlag	_CRIME_CrimeTriggers.txt:654
15	CharacterDied	_AAA_FirstGoal.txt:543
15	ObjectEnteredCombat	GLO_Checkpoints.txt:35
14	SavegameLoaded	GLO_Arena.txt:1196
13	CharacterGetReservedUserID	GLO_Arena.txt:53
13	CharacterOnCrimeSensibleActionNotification	_CRIME_CrimeTriggers.txt:300
13	CharacterReservedUserIDChanged	GLO_Arena.txt:1295
13	CrimeGetType	_CRIME_CrimeTriggers.txt:385
13	DB_CompanionAvatarBond	_GLO_Shared_Origins.txt:443
13	DB_Crime_Assault	_CRIME_CrimeTriggers.txt:1692
13	DialogGetInvolvedPlayer	GLO_Arena.txt:51
13	GetTextEventParamString	_Greevers_Little_Helpers.txt:1304
13	GlobalGetFlag	GLO_Arena.txt:548
13	IntegerSum	_AAA_FirstGoal.txt:425
13	ItemAddedToCharacter	_GLOBAL_ItemEvents.txt:480
12	DB_InCharacterCreation	Z_Shared_CharacterCreation.txt:113
12	GetVarInteger	GLO_Follower.txt:52
12	ObjectLeftCombat	_CRIME_CrimeTriggers.txt:1729
12	RegionStarted	GLO_Follower.txt:86
11	CharacterItemEvent	_GLOBAL_ItemEvents.txt:81
11	CharacterLeftTrigger	GLO_Checkpoints.txt:51
11	CharacterMoveToAndTalkRequestDialog	_CRIME_CrimeTriggers.txt:940
10	CharacterCreationFinished	ZZZ_LastGoal.txt:90
10	CharacterDying	GLO_Arena.txt:599
10	DB_CharacterMoveToAndTalk_CharacerIsMoving	_Global_RunUpAndChat.txt:36
10	DB_CurrentLevel	Sandbox.txt:16
10	DB_Dialogs	_Waypoints.txt:200
10	DB_Followers	GLO_Follower.txt:9
10	GetTextEventParamInteger	_Greevers_Little_Helpers.txt:1284
10	GetUserProfileID	GLO_Arena_LMS.txt:438
10	GetVarObject	GLO_Follower.txt:39
10	HasActiveStatus	GLO_Arena.txt:649
10	ObjectIsCharacter	_CRIME_CrimeTriggers.txt:1605
10	TimerFinished	GLO_Arena.txt:1028
9	CharacterJoinedParty	_CRIME_CrimeTriggers.txt:842
9	DB_InRegion	GLO_Checkpoints.txt:57
9	QRY_VersionIsOlderThan	_CRIME_CrimeTriggers.txt:4602
8	AttackedByObject	_CRIME_CrimeTriggers.txt:1688
8	AutomatedDialogEnded	GLO_Arena.txt:1047
8	CharacterGetAttitudeTowardsPlayer	_GLO_Shared_Origins.txt:445
8	CharacterStatusRemoved	GLO_Arena.txt:1270
8	DB_Arresting	_CRIME_Prison.txt:179
8	DB_WaypointInfo	_GLOBAL_TutorialMessages.txt:236
8	DialogGetInvolvedNPC	_GLOBAL_ItemEvents.txt:911
8	GlobalFlagSet	GLO_Arena.txt:123
8	ObjectExists	_CRIME_CrimeTriggers.txt:778
8	ObjectTurnStarted	GLO_Arena.txt:641
7	CharacterKilledBy	_CRIME_CrimeTriggers.txt:2582
7	CharacterResurrected	GLO_Arena.txt:612
7	CharacterStatusApplied	GLO_Arena.txt:678
7	CharacterWentOnStage	GLO_Follower.txt:68
7	DB_HostileToPlayerGroupCancelFlag	_Greevers_Little_Helpers.txt:834
7	DB_Illusionist	_Global_Homestead.txt:17
7	DB_InitialTutorialsShown	_GLOBAL_TutorialMessages.txt:119
7	DB_InterrogationRequested	_CRIME_CrimeTriggers.txt:942
7	DB_PyramidBlockerTrigger	_GLOBAL_TeleporterPyramids.txt:87
7	DB_ShovelArea	_GLOBAL_TutorialMessages.txt:259
7	DB_TrespassTrigger	_CRIME_CrimeTriggers.txt:1261
7	GetInventoryOwner	_GLOBAL_TeleporterPyramids.txt:131
7	ItemTemplateAddedToCharacter	_GLOBAL_ItemEvents.txt:703
7	ObjectFlagCleared	GLO_Checkpoints.txt:158
7	ObjectIsItem	_CRIME_CrimeTriggers.txt:3179
7	OnCrimeResolved	_CRIME_CrimeTriggers.txt:720
7	RegionEnded	_AAA_FirstGoal.txt:578
6	CharacterIsDead	_CRIME_CrimeTriggers.txt:1716
6	DB_Arena_PlayerParticipants	GLO_Arena.txt:1035
6	DB_AssignedDummyForUser	Z_Shared_CharacterCreation.txt:155
6	DB_CharacterCreationDummy	Z_Shared_CharacterCreation.txt:75
6	DB_CheckPoint	GLO_Checkpoints.txt:8
6	DB_KillCounter_Internal	_Global_Procedure.txt:56
6	DB_PyramidInBlockerTrigger	_GLOBAL_TeleporterPyramids.txt:104
6	DB_Sees	_AAA_FirstGoal.txt:472
6	DB_Shovelling_Mound	__GLO_Shovel.txt:44
6	DB_Subregion	_GLOBAL_Subregions.txt:8
6	GetPosition	_CRIME_CrimeTriggers.txt:2187
6	IntegertoString	_CRIME_CrimeTriggers.txt:650
6	ItemIsInCharacterInventory	_GLOBAL_ItemEvents.txt:501
6	ObjectIsInTrigger	_GLOBAL_TeleporterPyramids.txt:153
6	OnCrimeConfrontationDone	_CRIME_CrimeBribes.txt:278
6	Query_IsPlayerHiding	_Greevers_Little_Helpers.txt:245
6	RequestPickpocket	_CRIME_CrimeTriggers.txt:2829
5	CharacterIsPartyMember	_CRIME_CrimeTriggers.txt:2835
5	CharacterStoppedPolymorph	_GLOBAL_Shared_Shapeshifting.txt:55
5	CharacterUsedSkillOnTarget	_CRIME_CrimeTriggers.txt:2205
5	CombatEnded	_CRIME_CrimeTriggers.txt:2443
5	CrimeInterrogationRequest	_CRIME_CrimeBribes.txt:188
5	DB_ArenaMaster	GLO_Arena.txt:49
5	DB_CharacterMovement	__PROC.txt:1146
5	DB_CombatCutscene_PrioritizedObject	_Greevers_Little_Helpers.txt:1665
5	DB_CrimeReaction_DoNotWarn	_CRIME_CrimeTriggers.txt:367
5	DB_Crime_WarningCount	_CRIME_CrimeTriggers.txt:648
5	DB_HW_CharCountInTrigger	__GLOBAL_HiddenWalls.txt:35
5	DB_HiddenWallTrigger	__GLOBAL_HiddenWalls.txt:26
5	DB_IgnoreCombatItems	_Greevers_Little_Helpers.txt:1597
5	DB_Interrogation	_CRIME_CrimeTriggers.txt:1117
5	DB_PolymorphTags	_GLOBAL_Shared_Shapeshifting.txt:38
5	DB_SecretRegions_OnOpenedDoor	_Global_Procedure.txt:411
5	DB_StoryMoving	__PROC.txt:1207
5	DB_TriggerSendsSpotEvents	_Greevers_Little_Helpers.txt:277
5	ItemHasOnUse	_GLOBAL_TutorialMessages.txt:282
5	QryIgnoreDamageSource	_CRIME_CrimeTriggers.txt:1698
5	Qry_Arena_InNonLethalArena	GLO_Arena.txt:622
5	UserDisconnected	GLO_Arena.txt:1258
4	CharacterGetEquippedItem	GLO_Arena.txt:1274
4	CharacterGetHitpointsPercentage	GLO_Arena.txt:631
4	CharacterHasTalent	_GLOBAL_TutorialMessages.txt:456
4	CharacterIsDeadOrFeign	_CRIME_CrimeTriggers.txt:1708
4	CharacterIsEnemy	_CRIME_CrimeTriggers.txt:1613
4	CharacterIsInFightMode	__GLO_Shovel.txt:46
4	CharacterIsInPartyWith	_Waypoints.txt:319
4	CharacterPolymorphedInto	_GLOBAL_Shared_Shapeshifting.txt:30
4	CrimeGetNewID	_CRIME_CrimeTriggers.txt:2191
4	DB_AmbushTrigger	_Global_Procedure.txt:290
4	DB_Avatars	_GLO_Shared_Origins.txt:404
4	DB_BlockWaypointUsage	_Waypoints.txt:196
4	DB_CharacterCrimeDisabled	_CRIME_CrimeTriggers.txt:137
4	DB_CharacterMoveToAndTalk_CheckForFallBackCharacters	_Global_RunUpAndChat.txt:121
4	DB_CheckPointGuard	GLO_Checkpoints.txt:30
4	DB_Crime_Interrogation	_CRIME_CrimeTriggers.txt:1079
4	DB_Crime_PlayerAttacked	_CRIME_CrimeTriggers.txt:2109
4	DB_DialogMoneyTransfer	_CRIME_CrimeBribes.txt:71
4	DB_DialogName	Shared_CombatDialogs.txt:12
4	DB_DontCreateMurder	_CRIME_CrimeTriggers.txt:2592
4	DB_FollowerHideInTrigger	GLO_Follower.txt:101
4	DB_FollowerShowInTrigger	GLO_Follower.txt:138
4	DB_GLO_PartyMembers_DismissAfterDialog	_GLO_Shared_Origins.txt:569
4	DB_HiddenRevealOnInteraction	_Greevers_Little_Helpers.txt:2275
4	DB_HideAllFollowersInTrigger	GLO_Follower.txt:176
4	DB_ItemEvents_TransferFlagToMoneyVarIndex	_CRIME_CrimeBribes.txt:65
4	DB_KilledEvent	_Greevers_Little_Helpers.txt:1737
4	DB_MoveToAndTalk_FoundNewAvailablePlayer	_Global_RunUpAndChat.txt:136
4	DB_NPCSheathWeapon	_CRIME_CrimeTriggers.txt:3083
4	DB_OneShotPlayerTrigger	_AAA_FirstGoal.txt:614
4	DB_OneShot_DialogTrigger	__OneshotDialogs.txt:15
4	DB_OriginDialog	_GLO_Shared_Origins.txt:565
4	DB_OriginLeavingDialog	_GLO_Shared_Origins.txt:637
4	DB_OriginRecruitmentLocation	_GLO_Shared_Origins.txt:253
4	DB_OriginRelationThresholdEvents	_GLO_Shared_Origins.txt:752
4	DB_PartyDecisionDialog_State	_GLOBAL_Shared_PartyDecisionDialogs.txt:132
4	DB_PickpocketingBlocked	_CRIME_CrimeTriggers.txt:2843
4	DB_ReflectionDialogs_Queued	_GLOBAL_Shared_ReflectionDialog.txt:132
4	DB_ReflectionWrapperStarted	_GLOBAL_Shared_ReflectionDialog.txt:296
4	DB_SecretRegions_OnEnteredTrig	_Global_Procedure.txt:416
4	DB_ShowAllFollowersInTrigger	GLO_Follower.txt:229
4	DB_TeleporterPyramidUnlocked	_GLOBAL_TeleporterPyramids.txt:17
4	GetVarString	_CRIME_Prison.txt:478
4	ItemRemovedFromCharacter	_GLOBAL_ItemEvents.txt:488
4	OnCrimeMergedWith	_CRIME_CrimeTriggers.txt:1884
4	StringContains	GLO_Arena_LMS.txt:246
3	CharacterIsPartyFollower	_CRIME_CrimeTriggers.txt:2588
3	CharacterIsSummon	_Global_Procedure.txt:470
3	CharacterLeftParty	_CRIME_CrimeTriggers.txt:776
3	CharacterLostSightOfCharacter	_AAA_FirstGoal.txt:490
3	CharacterMoveToAndTalkFailed	_CRIME_CrimeTriggers.txt:947
3	CharacterPickpocketFailed	_CRIME_CrimeTriggers.txt:2848
3	CrimeGetTension	_CRIME_CrimeTriggers.txt:1569
3	DB_AD_Dialog	__PROC.txt:461
3	DB_AddCharactersInTriggerToDialog	_Greevers_Little_Helpers.txt:1830
3	DB_AddCharactersInTriggerToDialog_ID	_Greevers_Little_Helpers.txt:1845
3	DB_AnimTestLoopingAnimation	_Greevers_Little_Helpers.txt:1295
3	DB_ArenaMaster_RingGirl	GLO_Arena.txt:24
3	DB_Arena_CharIsAlive	GLO_Arena.txt:603
3	DB_Arena_LastManStandingTeams	GLO_Arena_LMS.txt:426
3	DB_AttitudeAdjustMent	_Trade.txt:217
3	DB_BlockTextSpam	_TrapReactions.txt:14
3	DB_CombatObjects	_Greevers_Little_Helpers.txt:715
3	DB_CrimeAttitudeChange	_CRIME_CrimeTriggers.txt:1470
3	DB_CrimeMurderCreated	_CRIME_CrimeTriggers.txt:2607
3	DB_CrimeMurderSilentWitnessCollectionContext	_CRIME_CrimeTriggers.txt:2696
3	DB_Crime_CallingGuards	_CRIME_CrimeTriggers.txt:1144
3	DB_Crime_PolymorphedIgnoreAssault	_CRIME_CrimeTriggers.txt:1696
3	DB_Crime_RequestedDialogWithTension	_CRIME_CrimeTriggers.txt:642
3	DB_ExplorationZones	__GLOBAL_ExplorationBonus.txt:8
3	DB_FormerCompanionDeath_QuestUpdate	_GLO_Shared_Origins.txt:863
3	DB_GLO_CharacterAnimationForDialog	_AAA_FirstGoal.txt:658
3	DB_GLO_PartyMembers_Kicked	_GLO_Shared_PartyMembers.txt:574
3	DB_GLO_PartyPresets_Block	GLO_PartyPresets.txt:26
3	DB_HasStoryEvent	_GLOBAL_ItemEvents.txt:482
3	DB_HasTaggedItem	_GLOBAL_ItemEvents.txt:654
3	DB_HasTemplateItem	_GLOBAL_ItemEvents.txt:707
3	DB_HostileToPlayerGroup	_Greevers_Little_Helpers.txt:903
3	DB_IRP_Internal_Items	__GLOBAL_ItemRotationPuzzles.txt:61
3	DB_IgnoreAssault	_CRIME_CrimeTriggers.txt:1599
3	DB_JDF_QuestLinkedFlag	_Global_JournalHelper.txt:792
3	DB_KillCounterCounts	_Global_Procedure.txt:104
3	DB_ObjectCountHelper	_CRIME_CrimeTriggers.txt:2077
3	DB_OneShot_DialogTrigger_NewSystem	_Greevers_Little_Helpers.txt:193
3	DB_OneShot_VoiceBarkTrigger	__OneshotDialogs.txt:299
3	DB_Origin_BlockLeavingWarningsDialogs	_GLO_Shared_Origins.txt:563
3	DB_PeaceTimer	__PROC.txt:656
3	DB_PickedLeadToHelp	_CRIME_Prison.txt:579
3	DB_PlayerEscapedPrison	_CRIME_Prison.txt:525
3	DB_QuestDef_State	_Global_JournalHelper.txt:26
3	DB_QuestDef_UpdateEvent	_Global_JournalHelper.txt:52
3	DB_RegionPrison	_CRIME_CrimeTriggers.txt:794
3	DB_RelationshipDialogs	_GLOBAL_Shared_RelationshipDialogs.txt:94
3	DB_SetCompanionAttitude	_GLO_Shared_Origins.txt:521
3	DB_StatusReaction	_CRIME_CrimeTriggers.txt:3399
3	DB_TaggedItemInitialSetup	_GLOBAL_ItemEvents.txt:590
3	DB_UserAlign	_PlayerAlignments.txt:128
3	DB_VBItem	_Greevers_Little_Helpers.txt:1591
3	DialogActorLeft	ZZZ_LastGoal.txt:45
3	GetFaction	_GLO_Shared_Origins.txt:387
3	GetRegion	_GLOBAL_TeleporterPyramids.txt:246
3	HappyWithDeal	_Trade.txt:213
3	IntegerSubtract	_GLO_Shared_Origins.txt:545
3	IsGameLevel	Z_Shared_CharacterCreation.txt:71
3	ItemAddedToContainer	_GLOBAL_TeleporterPyramids.txt:145
3	ItemGetOriginalOwner	_GLOBAL_TeleporterPyramids.txt:252
3	ItemGetOwner	_CRIME_CrimeTriggers.txt:3348
3	ObjectSwitchedCombat	_CRIME_CrimeTriggers.txt:2742
3	PartyGetFlag	_Greevers_Little_Helpers.txt:836
3	QRY_GetClosestAvailableCharacterTo	_Global_RunUpAndChat.txt:134
3	QryCrimeCharacterCanCreateMurder	_CRIME_CrimeTriggers.txt:2596
3	UserEvent	Z_Shared_CharacterCreation.txt:149
2	AutomatedDialogRequestFailed	_AAA_FirstGoal.txt:66
2	AutomatedDialogStarted	_AAA_FirstGoal.txt:97
2	CharacterAddToCharacterCreation	_Global_Homestead.txt:19
2	CharacterAttitudeTowardsPlayerChanged	_GLO_Shared_Origins.txt:770
2	CharacterCanFight	_CRIME_CrimeTriggers.txt:1714
2	CharacterCanSee	_CRIME_CrimeTriggers.txt:3036
2	CharacterGetOwner	_Global_Procedure.txt:472
2	CharacterIsCrimeEnabled	_CRIME_CrimeTriggers.txt:1670
2	CharacterLeftRegion	_Global_RunUpAndChat.txt:55
2	CharacterLeveledUp	GLO_Follower.txt:265
2	CharacterMadePlayer	_GLOBAL_ItemEvents.txt:28
2	CharacterMoveToAndTalkRequestDialogFailedEvent	_CRIME_CrimeTriggers.txt:954
2	CharacterReceivedDamage	GLO_Arena.txt:627
2	CharacterSelectedAsBestUnavailableFallbackLead	_CRIME_CrimeTriggers.txt:1395
2	CharacterSetTemporaryRelationsFailed	_CRIME_CrimeTriggers.txt:2105
2	CharacterTeleportToPyramid	_GLOBAL_TeleporterPyramids.txt:293
2	CharacterUsedItemTemplate	GLO_Resting.txt:9
2	CrimeDisabled	_CRIME_CrimeTriggers.txt:309
2	CrimeEnabled	_CRIME_CrimeTriggers.txt:321
2	DB_ActivatedQuests	_Global_JournalHelper.txt:146
2	DB_ArenaMaster_CheckOtherPlayers_Initiated	GLO_Arena.txt:55
2	DB_ArenaMaster_SetUp	GLO_Arena.txt:546
2	DB_ArrestDialog	_CRIME_Prison.txt:66
2	DB_AutoSaveTrigger	_Global_Autosave.txt:8
2	DB_BlockThreatenedDialog	_CRIME_CrimeTriggers.txt:3135
2	DB_CannotPickpocketTags	_CRIME_CrimeTriggers.txt:2831
2	DB_CharacterCrimeEnabled	_CRIME_CrimeTriggers.txt:144
2	DB_CharacterDisappearedOutOfSight	__PROC.txt:1431
2	DB_CharacterPolymorphedInto	_GLOBAL_Shared_Shapeshifting.txt:79
2	DB_ChosenOriginWaitingForTeleport	Z_Shared_CharacterCreation.txt:431
2	DB_ClearTagAfterCombat	_Greevers_Little_Helpers.txt:2256
2	DB_ClearedMoveEvent	__PROC.txt:1157
2	DB_ClosestAvailableCharacterTo	__PROC.txt:1356
2	DB_CompanionLeaving	_GLO_Shared_Origins.txt:631
2	DB_CrimeCreateMurderAfterCombat	_CRIME_CrimeTriggers.txt:2744
2	DB_CrimeReaction_CustomSensibleAction	_CRIME_CrimeTriggers.txt:4527
2	DB_CrimeReaction_CustomWarning	_CRIME_CrimeTriggers.txt:387
2	DB_CrimeReaction_DoNotInterrogate	_CRIME_CrimeTriggers.txt:4537
2	DB_CrimeTeleportOutOfTrespass	_CRIME_CrimeTriggers.txt:1373
2	DB_CrimeTrespassingBlockHostile	_CRIME_CrimeTriggers.txt:1555
2	DB_Crime_FailedToInterruptStoryDialogs	_CRIME_CrimeTriggers.txt:1005
2	DB_Crime_UseForbiddenItem	_CRIME_CrimeTriggers.txt:4250
2	DB_Crime_WarningAD_Target	_CRIME_CrimeTriggers.txt:688
2	DB_DebugAVATARFound	GLO_PartyPresets.txt:46
2	DB_DebugCameraShakerParser	_PROC_AUDIO.txt:129
2	DB_DoNotFace	__PROC.txt:81
2	DB_Event2DisplayText	_GLOBAL_TutorialMessages.txt:250
2	DB_ExplorationXPGiven	__GLOBAL_ExplorationBonus.txt:37
2	DB_Following	__PROC.txt:69
2	DB_GEB_NPCAppearAfterCombat	_CRIME_CrimeTriggers.txt:2339
2	DB_GEN_CreatePortalAndLeave	_Greevers_Little_Helpers.txt:1930
2	DB_GLO_AllDialogObjectFlagsShared	_GLO_Shared_Origins.txt:31
2	DB_GLO_PartyMembers_Kick_PartyMembers_Dying	_GLO_Shared_PartyMembers.txt:580
2	DB_HasItemTemplateScriptFlag	_GLOBAL_ItemEvents.txt:803
2	DB_HasMetCharactersToCheck	__GLOBAL_Dialogs.txt:15
2	DB_HostileToPlayerGroupAfterDialog	_Greevers_Little_Helpers.txt:860
2	DB_IgnoreAssaultFor	_CRIME_CrimeTriggers.txt:1603
2	DB_Internal_Dialogs	__PROC.txt:346
2	DB_IsArrested	_CRIME_Prison.txt:485
2	DB_IsNotMessingAround	_CRIME_CrimeTriggers.txt:3433
2	DB_IsStoryNpc	_AAA_FirstGoal.txt:504
2	DB_ItemDestroyCounter_Internal	_Global_Procedure.txt:224
2	DB_ItemTagCheckingPlayer	_GLOBAL_ItemEvents.txt:617
2	DB_KilledPartyEvent	_Greevers_Little_Helpers.txt:1808
2	DB_LoopEffect	_GLOBAL_Effects.txt:299
2	DB_LoopEffectDisabledInCombat	_GLOBAL_Effects.txt:301
2	DB_MovingItem	_PROC_AUDIO.txt:69
2	DB_MovingTo	__PROC.txt:1155
2	DB_NPCDrawForCrimial	_CRIME_CrimeTriggers.txt:3034
2	DB_OneShotPlayerOnlyTrigger	_AAA_FirstGoal.txt:619
2	DB_OneShotUser_VoicebarkTrigger	_Greevers_Little_Helpers.txt:1572
2	DB_OneShot_ADTrigger	__OneshotDialogs.txt:197
2	DB_OneTimeEventFlag	_Greevers_Little_Helpers.txt:1885
2	DB_OriginRecruitmentDialog	_GLO_Shared_Origins.txt:109
2	DB_OriginRecruitmentLocation_Region	_GLO_Shared_Origins.txt:15
2	DB_OriginRelationChangeEvent	_GLO_Shared_Origins.txt:441
2	DB_OriginRelationModifiedAmount	_GLO_Shared_Origins.txt:449
2	DB_OriginWarningBlock	_GLO_Shared_Origins.txt:593
2	DB_Origins_InitialRegion	_GLO_Shared_Origins.txt:13
2	DB_PROC_StartDialog_WithVisibleTag_AddPlayers	_Greevers_Little_Helpers.txt:2047
2	DB_PartyDecisionDialog_OutcomeEvent	_GLOBAL_Shared_PartyDecisionDialogs.txt:130
2	DB_PlayerIsInvisible	_AAA_FirstGoal.txt:502
2	DB_QueuedOneSpeakerDialog	_Global_Procedure.txt:362
2	DB_RemoveItemFromTemplateEvent	_GLOBAL_ItemEvents.txt:843
2	DB_RemoveItemFromTemplate_InProgress	_GLOBAL_ItemEvents.txt:845
2	DB_SeenDeadNPCPartyFlag	_AAA_FirstGoal.txt:594
2	DB_SetStoryFlagWhenEquipped	_GLOBAL_ItemEvents.txt:564
2	DB_SharedObjectFlags	__AAA_Shared_FirstGoal.txt:20
2	DB_Shovel_PlayerHadWeaponDrawn	__GLO_Shovel.txt:135
2	DB_Singleton	_Greevers_Little_Helpers.txt:560
2	DB_SkipToCharactersTurn	_Greevers_Little_Helpers.txt:737
2	DB_SneakTriggerSpotter	_Global_Procedure.txt:247
2	DB_StoppedOutOfSight	__PROC.txt:1451
2	DB_SubregionMarker	_GLOBAL_Subregions.txt:13
2	DB_TaggedItemTracker	_GLOBAL_ItemEvents.txt:580
2	DB_TemporaryHostilityAfterDialog	_CRIME_CrimeTriggers.txt:487
2	DB_TrespassingCrimes	_CRIME_CrimeTriggers.txt:1401
2	DB_Tutorial_PlayerMovementDetectionTrigger	_GLOBAL_TutorialMessages_MovementDetection.txt:8
2	DifficultyChanged	_GLOBAL_TutorialMessages.txt:330
2	GameModeStarted	Z_Shared_Campaign_At_End.txt:8
2	GameStarted	_GLOBAL_Effects.txt:292
2	GetItemForItemTemplateInInventory	GLO_Arena.txt:1272
2	GetVarFixedString	_CRIME_Prison.txt:593
2	ItemDestroyed	_Global_Procedure.txt:222
2	ItemDestroying	_Global_Procedure.txt:440
2	ItemEnteredTrigger	_GLOBAL_TeleporterPyramids.txt:109
2	ItemIsEquipable	_GLOBAL_TutorialMessages.txt:486
2	ItemLeftTrigger	_GLOBAL_TeleporterPyramids.txt:118
2	ItemMoved	_Greevers_Little_Helpers.txt:2273
2	ItemRemovedFromContainer	_GLOBAL_TeleporterPyramids.txt:171
2	ItemSendToHomesteadEvent	_GLO_Homestead_PlayerChests.txt:8
2	ObjectLostTag	_GLO_Shared_Origins.txt:418
2	ObjectWasTagged	_GLO_Shared_Origins.txt:402
2	OnCrimeRemoved	_CRIME_CrimeTriggers.txt:1832
2	PartyFindTaggedItem	__GLO_Shovel.txt:73
2	PartyPresetLoaded	GLO_PartyPresets.txt:34
2	PyramidEnabled	_GLOBAL_TeleporterPyramids.txt:295
2	QRY_GLO_KilledEvent_WasEnemy	_Greevers_Little_Helpers.txt:1752
2	QRY_GLO_PartyMembers_AnyTempRemoved	_GLO_Shared_PartyMembers.txt:938
2	QRY_OriginRelationModify	_GLO_Shared_Origins.txt:447
2	QRY_StartDialog	_GLO_Shared_Origins.txt:581
2	Qry_AreInCombat	_CRIME_CrimeTriggers.txt:1712
2	QuestShared	_Global_JournalHelper.txt:235
2	RealSum	_CRIME_CrimeTriggers.txt:1672
2	UserConnected	Z_Shared_CharacterCreation.txt:272
2	UserMakeWar	_PlayerAlignments.txt:140
2	VoiceBarkStarted	_AAA_FirstGoal.txt:92
1	CanCombineItem	_CRIME_CrimeTriggers.txt:3875
1	CanLockpickItem	_CRIME_CrimeTriggers.txt:3869
1	CanMoveItem	_CRIME_CrimeTriggers.txt:3857
1	CanPickupItem	_CRIME_CrimeTriggers.txt:3863
1	CanUseItem	_CRIME_CrimeTriggers.txt:3850
1	CharacterBaseAbilityChanged	_GLOBAL_TutorialMessages.txt:520
1	CharacterCanSpotCrimes	_CRIME_CrimeTriggers.txt:2886
1	CharacterConsume	_GLOBAL_ItemEvents.txt:119
1	CharacterCreationStarted	Z_Shared_CharacterCreation.txt:83
1	CharacterGetAbility	_GLOBAL_TutorialMessages.txt:159
1	CharacterGetRace	_GLOBAL_Shared_Shapeshifting.txt:240
1	CharacterIsControlled	_GLOBAL_TutorialMessages.txt:348
1	CharacterIsNeutral	_CRIME_CrimeTriggers.txt:1718
1	CharacterLoadedInPreset	GLO_PartyPresets.txt:24
1	CharacterLockedTalent	__GLOBAL_Dialogs.txt:811
1	CharacterPickpocketSuccess	_CRIME_CrimeTriggers.txt:2882
1	CharacterPrecogDying	_Trade.txt:136
1	CharacterRequestsHomestead	_Waypoints.txt:236
1	CharacterSawCharacter	_AAA_FirstGoal.txt:465
1	CharacterSawSneakingCharacter	_CRIME_CrimeTriggers.txt:3150
1	CharacterSelectedInCharCreation	Z_Shared_CharacterCreation.txt:243
1	CharacterStartOriginIntroduction	_GLO_Shared_Origins.txt:899
1	CharacterStatusAttempt	_CRIME_CrimeTriggers.txt:1593
1	CharacterStoleItem	_CRIME_CrimeTriggers.txt:2471
1	CharacterStopOriginIntroduction	_GLO_Shared_Origins.txt:906
1	CharacterStoppedCombiningItems	_CRIME_CrimeTriggers.txt:4264
1	CharacterStoppedLockpickingItem	_CRIME_CrimeTriggers.txt:4256
1	CharacterStoppedUsingItem	_CRIME_CrimeTriggers.txt:4248
1	CharacterTeleportToFleeWaypoint	_Waypoints.txt:257
1	CharacterTeleportToWaypoint	_Waypoints.txt:252
1	CharacterTeleported	_CRIME_CrimeTriggers.txt:1664
1	CharacterUnlockedTalent	__GLOBAL_Dialogs.txt:806
1	CharacterUsedItemFailed	_Global.txt:33
1	CharacterUsedSkill	_CRIME_CrimeTriggers.txt:2462
1	ChildDialogRequested	__GLOBAL_Dialogs.txt:832
1	CombatStarted	_Global_RunUpAndChat.txt:96
1	CrimeFindEvidence	_CRIME_CrimeTriggers.txt:1081
1	CrimeGetCriminals	_CRIME_CrimeTriggers.txt:1579
1	CrimeGetLeadInvestigator	_CRIME_CrimeTriggers.txt:1466
1	CrimeGetVictim	_CRIME_CrimeTriggers.txt:3502
1	CrimeTransferLeadershipTo	_CRIME_Prison.txt:583
1	DB_AdvancedSneakTriggerSpotter	_AdvancedSneakTriggerSpotter.txt:12
1	DB_AllFollowersIgnoreRegion	GLO_Follower.txt:94
1	DB_ArenaMaster_SetFlags	GLO_Arena.txt:40
1	DB_Arena_AvailablePlayer	GLO_Arena.txt:32
1	DB_Arena_CharWasAlive	GLO_Arena.txt:614
1	DB_ArrestAfterDialog	_CRIME_Prison.txt:101
1	DB_ArrestDialogFlags	_CRIME_Prison.txt:270
1	DB_AttackOnAssault	_CRIME_CrimeTriggers.txt:3447
1	DB_AutomatedDialogIsVB	ZZZ_LastGoal.txt:24
1	DB_AutosaveGroup	_Global_Autosave.txt:55
1	DB_AwaitingBodypartDialog	_GLOBAL_ItemEvents.txt:83
1	DB_BidirShovelPileTunnel	GLO_BidirShovelTunnel.txt:8
1	DB_CRIME_CrimeBribes_Bribed	_CRIME_CrimeBribes.txt:280
1	DB_CRIME_CrimeInvestigationPos	_CRIME_CrimeTriggers.txt:860
1	DB_CRIME_DialogTeleportInitialPosition	_CRIME_CrimeTriggers.txt:1659
1	DB_CRIME_FleeReaction	_CRIME_CrimeTriggers.txt:4579
1	DB_CRIME_ForbiddenStatus	_CRIME_CrimeTriggers.txt:3780
1	DB_CRIME_PlayerInDialogTeleportedTooFar	_CRIME_CrimeTriggers.txt:1668
1	DB_CRIME_ZeroTensionFlee	_CRIME_CrimeTriggers.txt:4590
1	DB_CharacterAllCrimesDisabled	_CRIME_CrimeTriggers.txt:130
1	DB_CharacterCreationTransitionInfo	Z_Shared_CharacterCreation.txt:301
1	DB_CharacterDieAfterDialog	_Greevers_Little_Helpers.txt:1054
1	DB_CharacterSkipTurn	_Greevers_Little_Helpers.txt:723
1	DB_CheckDoNotFace	__PROC.txt:87
1	DB_CheckLevelStart	Sandbox.txt:14
1	DB_CheckWeaponsDrawnCrime	_CRIME_CrimeTriggers.txt:3141
1	DB_Children	_GLOBAL_Children.txt:8
1	DB_CombatDialogs_NoStop	Shared_CombatDialogs.txt:14
1	DB_CombatWarnings	_CRIME_CrimeTriggers.txt:1731
1	DB_CompanionLeavingBackPack	_GLO_Shared_Origins.txt:741
1	DB_CouldTrade	__GLOBAL_Dialogs.txt:761
1	DB_CounterCombatID	_Global_Procedure.txt:136
1	DB_CrimeArrestCallingGuards	_CRIME_Prison.txt:617
1	DB_CrimeBribeSource	_CRIME_CrimeBribes.txt:303
1	DB_CrimeBribesDisabledBribe	_CRIME_CrimeBribes.txt:221
1	DB_CrimeDialogStartFailed	_CRIME_CrimeTriggers.txt:722
1	DB_CrimeReaction_DoNotWarn2	_CRIME_CrimeTriggers.txt:373
1	DB_CrimeSilentWitness	_CRIME_CrimeTriggers.txt:2816
1	DB_CrimeTresPassCombatFallback	_CRIME_CrimeTriggers.txt:1553
1	DB_CrimeTriggers_GeneralBribeDialog	_CRIME_CrimeBribes.txt:69
1	DB_CrimeWarner	_CRIME_CrimeTriggers.txt:674
1	DB_CrimeWarningHostileADs	_CRIME_CrimeTriggers.txt:489
1	DB_Crime_CheckInterrogate	_CRIME_CrimeTriggers.txt:4543
1	DB_Crime_CombatAfterDialog	_CRIME_CrimeTriggers.txt:1214
1	DB_Crime_FleeCallforHelp	_CRIME_CrimeTriggers.txt:1192
1	DB_Crime_InterrogationStarted	_CRIME_CrimeTriggers.txt:1012
1	DB_Crime_ItemDestroyed	_CRIME_CrimeTriggers.txt:3346
1	DB_Crime_Vandalise	_CRIME_CrimeTriggers.txt:3280
1	DB_CustomChildDialog	__GLOBAL_Dialogs.txt:834
1	DB_CustomEvent2DisplayText	_TrapReactions.txt:33
1	DB_CustomEvent2DisplayText_Item	_TrapReactions.txt:16
1	DB_CustomTradeTreasure	_Trade.txt:101
1	DB_DeadEvent	_AAA_FirstGoal.txt:566
1	DB_DialogNumPlayers	_GLO_Shared_Origins.txt:22
1	DB_FollowerIgnoreRegion	GLO_Follower.txt:92
1	DB_GEB_FledOutOfSight	_CRIME_CrimeTriggers.txt:2276
1	DB_GEB_NPCAppearAfterDialog	_CRIME_CrimeTriggers.txt:2437
1	DB_GLOBAL_Shapeshifting_PolymorphStatus	_CRIME_CrimeBribes.txt:81
1	DB_GLOBAL_TutorialMessages_MovementTutFinishedFor	_GLOBAL_TutorialMessages.txt:104
1	DB_GLO_Attribute_Check_AgainstLevel	_Greevers_Little_Helpers.txt:1492
1	DB_GLO_Attribute_Check_AgainstSpeaker	_Greevers_Little_Helpers.txt:1487
1	DB_GLO_CharacterAnimation	_Global_CharacterAnimations.txt:393
1	DB_GLO_FirstLevelAfterCharacterCreation	Z_Shared_CharacterCreation.txt:299
1	DB_GLO_LVHub_PlayerChests_Client	_GLO_Homestead_PlayerChests.txt:14
1	DB_GLO_LVHub_PlayerChests_Host	_GLO_Homestead_PlayerChests.txt:27
1	DB_GLO_LVHub_PlayerChests_InitialAssignment	_GLO_Homestead_PlayerChests.txt:105
1	DB_GLO_PartyMembers_InPartyDialog	_GLO_Shared_PartyMembers.txt:831
1	DB_GLO_PartyMembers_RecruitAfterDialog	_GLO_Shared_PartyMembers.txt:98
1	DB_GLO_PartyMembers_RecruiteeAvatarBond	_GLO_Shared_PartyMembers.txt:833
1	DB_GLO_PartyMembers_TempRemoved	_GLO_Shared_PartyMembers.txt:820
1	DB_GLO_Tutorial_Movement_LocationTracking	_GLOBAL_TutorialMessages.txt:102
1	DB_GLO_Tutorial_StartMovementTutorial	_GLOBAL_TutorialMessages.txt:91
1	DB_GameHour	_AAA_FirstGoal.txt:421
1	DB_GiveItemToEvent	_GLOBAL_ItemEvents.txt:508
1	DB_GiveItemToEventWithClear	_GLOBAL_ItemEvents.txt:515
1	DB_GiveNewItemFromTemplateEvent	_GLOBAL_ItemEvents.txt:835
1	DB_GiveQuestRewardAfterDialog	_Global_JournalHelper.txt:736
1	DB_GiveTemplateFromNpcToPlayerDialogEvent	_GLOBAL_ItemEvents.txt:825
1	DB_GiveTemplateFromPlayerDialogEvent	_GLOBAL_ItemEvents.txt:815
1	DB_GlobalCounter	_GLO_Homestead_PlayerChests.txt:97
1	DB_GuardCaller	_CRIME_Prison.txt:640
1	DB_HandledMoveEvent	__PROC.txt:1186
1	DB_HandlingRelationshipDialog	_GLOBAL_Shared_RelationshipDialogs.txt:52
1	DB_HiddenWall	__GLOBAL_HiddenWalls.txt:83
1	DB_HiddenWallEvent	__GLOBAL_HiddenWalls.txt:11
1	DB_HiddenWallItem	__GLOBAL_HiddenWalls.txt:20
1	DB_HideEquippedShield	_Greevers_Little_Helpers.txt:1641
1	DB_HideEquippedWeapon	_Greevers_Little_Helpers.txt:1633
1	DB_HostileAlignmentAfterDialog	_Greevers_Little_Helpers.txt:1038
1	DB_HostileAttitudeAfterDialog	_Greevers_Little_Helpers.txt:1022
1	DB_HostileToIndivPlayerAfterDialog	_Greevers_Little_Helpers.txt:823
1	DB_IRP_Internal_Handles	__GLOBAL_ItemRotationPuzzles.txt:59
1	DB_IgnoreReservedChanged	_GLOBAL_ItemEvents.txt:42
1	DB_InventoryMessageQueued	_GLOBAL_TutorialMessages.txt:142
1	DB_IsSign	_Waypoints.txt:202
1	DB_ItemDestroyCounterCounterDefined	_Global_Procedure.txt:236
1	DB_ItemDestroyCounterCounts	_Global_Procedure.txt:226
1	DB_ItemOpened	_GLOBAL_TutorialMessages.txt:434
1	DB_ItemOwnerShipTriggers	_CRIME_ItemOwnership.txt:54
1	DB_JDF_Dependencies	_Global_JournalHelper.txt:852
1	DB_JoinedParty	_Greevers_Little_Helpers.txt:2162
1	DB_JournalIgnoreReservedChanged	_Global_JournalHelper.txt:132
1	DB_KeepDialogsOnDeath	__PROC.txt:344
1	DB_KillCounter	_Global_Procedure.txt:87
1	DB_KillCounterCounterDefined	_Global_Procedure.txt:128
1	DB_KillCounterDied	_Global_Procedure.txt:115
1	DB_KilledEvent_HostileToTarget	_Greevers_Little_Helpers.txt:1799
1	DB_LastManStanding	_Global_Procedure.txt:94
1	DB_LoremasterTrader	_Greevers_Little_Helpers.txt:2067
1	DB_MoveToTrigger_Materials	_PROC_AUDIO.txt:71
1	DB_MysterPrefixed	_Global_JournalHelper.txt:321
1	DB_Mystery	_Global_JournalHelper.txt:326
1	DB_NPC_CrimeAttitude_DoNotChange	_CRIME_CrimeTriggers.txt:3498
1	DB_ObjectTimer	__PROC.txt:874
1	DB_OneShot_ADSpeakerCount	__OneshotDialogs.txt:293
1	DB_OneShot_ADSpeakers	__OneshotDialogs.txt:272
1	DB_OneShot_DialogSpeakerCount	__OneshotDialogs.txt:190
1	DB_OneShot_DialogSpeakers	__OneshotDialogs.txt:163
1	DB_OneShot_PlayerOnlyDialogTrigger	__OneshotDialogs.txt:8
1	DB_OriginInPartyDialog	_GLO_Shared_Origins.txt:551
1	DB_OriginNPCAlignment	_GLO_Shared_Origins.txt:36
1	DB_OriginProfessionTags	_GLO_Shared_Origins.txt:856
1	DB_OriginWarning1Dialog	_GLO_Shared_Origins.txt:575
1	DB_OriginWarning2Dialog	_GLO_Shared_Origins.txt:603
1	DB_OrphanFlagForwarding	_GLO_Shared_Origins.txt:948
1	DB_PartyDecisionDialog_Phase1_Index	_GLOBAL_Shared_PartyDecisionDialogs.txt:203
1	DB_PartyDecisionDialog_PlayerIdentifier	_GLOBAL_Shared_PartyDecisionDialogs.txt:209
1	DB_PartyDecisionDialog_Players	_GLOBAL_Shared_PartyDecisionDialogs.txt:221
1	DB_PartyDecisionDialog_UltimatumEvent	_GLOBAL_Shared_PartyDecisionDialogs.txt:219
1	DB_PlayLoopEffectHandleResult	_GLOBAL_Effects.txt:318
1	DB_PlayerPrison	_CRIME_Prison.txt:500
1	DB_PlayerPrison_Door	_CRIME_Prison.txt:489
1	DB_PlayerTrespassing	_CRIME_CrimeTriggers.txt:1371
1	DB_PlayerTriggerToRegister	_AAA_FirstGoal.txt:351
1	DB_PlayerTriggerToRegisterForCharacter	_AAA_FirstGoal.txt:341
1	DB_PlayerTriggerToUnregister	_AAA_FirstGoal.txt:346
1	DB_PlayerTriggerToUnregisterForCharacter	_AAA_FirstGoal.txt:336
1	DB_PotionDone	_GLOBAL_TutorialMessages.txt:215
1	DB_QuestDef_AddEvent	_Global_JournalHelper.txt:67
1	DB_QuestDef_CloseEvent	_Global_JournalHelper.txt:107
1	DB_QuestDef_QuestReward	_Global_JournalHelper.txt:725
1	DB_RecipeBook	__GLOBAL_ItemInteraction.txt:12
1	DB_ReflectionDialog_InProgress	_GLOBAL_Shared_ReflectionDialog.txt:403
1	DB_ReflectionDialog_Phase1_Index	_GLOBAL_Shared_ReflectionDialog.txt:405
1	DB_ReflectionDialog_PlayerIdentifier	_GLOBAL_Shared_ReflectionDialog.txt:411
1	DB_ReflectionDialog_Players	_GLOBAL_Shared_ReflectionDialog.txt:309
1	DB_RelationshipDialog_Queue	_GLOBAL_Shared_RelationshipDialogs.txt:63
1	DB_RemoveIsNotMessingAround	_CRIME_CrimeTriggers.txt:3440
1	DB_RepairTrader	_Greevers_Little_Helpers.txt:2072
1	DB_ResetOriginAlignmentAfterCombat	_GLO_Shared_Origins.txt:396
1	DB_RestTemplates	GLO_Resting.txt:11
1	DB_SawAttacker	__PROC.txt:1441
1	DB_SecretRegions_OnStoryEvent	_Global_Procedure.txt:482
1	DB_SeenAliveNPCPartyFlag	_AAA_FirstGoal.txt:474
1	DB_SelectedCC	Z_Shared_CharacterCreation_AfterEvents.txt:12
1	DB_SetNeutralToPlayerGroupAfterDialog	_Greevers_Little_Helpers.txt:993
1	DB_SetOriginHostileAfterDialog	_GLO_Shared_Origins.txt:383
1	DB_ShovelRewardCharacterAppear	__GLO_Shovel.txt:29
1	DB_ShovelRewardItemAppear	__GLO_Shovel.txt:14
1	DB_ShovelRewardItemScatter	__GLO_Shovel.txt:19
1	DB_ShovelRewardItemSpawn	__GLO_Shovel.txt:24
1	DB_SpotterGroup	_AdvancedSneakTriggerSpotter.txt:82
1	DB_Stack_UUID	_Greevers_Little_Helpers.txt:86
1	DB_StartTutMessages	__PROC.txt:920
1	DB_StopInterrogationAfterDialog	_CRIME_Prison.txt:470
1	DB_TaggedItemRecheck	_GLOBAL_ItemEvents.txt:595
1	DB_Time	_AAA_FirstGoal.txt:423
1	DB_TopOfStack	_Greevers_Little_Helpers.txt:84
1	DB_TraderGeneratedTreasureForLevel	_Trade.txt:142
1	DB_TransferMoneyInDialog_Succeeded	_GLOBAL_ItemEvents.txt:463
1	DB_TutorialMessage	__PROC.txt:922
1	DB_TutorialMessage_CheckEndAutomatedDialog_SkillTut	_GLOBAL_TutorialMessages.txt:403
1	DB_TutorialMessage_CheckEndDialog_SkillTut	_GLOBAL_TutorialMessages.txt:394
1	DB_TutorialMessages_SkillUnlockDone	_GLOBAL_TutorialMessages.txt:352
1	DB_Tutorial_PlayerCameraTutorialTimerLaunched	_GLOBAL_TutorialMessages_MovementDetection.txt:69
1	DB_UnregisterForUserIDChanged	_Greevers_Little_Helpers.txt:672
1	DB_WaypointBlockUI	_Waypoints.txt:198
1	DB_WaypointUnlocked	_Waypoints.txt:369
1	DialogActorJoined	_AAA_FirstGoal.txt:85
1	DialogGetCategory	Shared_CombatDialogs.txt:16
1	DialogIsCrimeDialog	_CRIME_CrimeBribes.txt:271
1	DialogRemoveActorFromDialog	_Greevers_Little_Helpers.txt:2193
1	DialogRequestFailed	_AAA_FirstGoal.txt:55
1	DialogStartRequested	__GLOBAL_Dialogs.txt:792
1	DoorIsOpening	_Global_Procedure.txt:426
1	DualDialogRequested	_GLOBAL_Shared_PartyDecisionDialogs.txt:17
1	FleeCombat	__Combat.txt:63
1	GameEventSet	__Start.txt:9
1	GetClosestPlayer	_Trade.txt:144
1	GetCurrentCharacter	GLO_Arena.txt:647
1	GlobalFlagCleared	_Greevers_Little_Helpers.txt:327
1	HasAppliedStatus	_CRIME_CrimeTriggers.txt:1611
1	IntegerModulo	_AAA_FirstGoal.txt:427
1	IsCharacterCreationLevel	Z_Shared_CharacterCreation.txt:73
1	IsSourceSkill	_CRIME_CrimeTriggers.txt:2466
1	ItemCanSitOn	_CRIME_CrimeTriggers.txt:3793
1	ItemEquipped	_GLOBAL_ItemEvents.txt:562
1	ItemGetHealthPoints	_CRIME_CrimeTriggers.txt:3342
1	ItemIsContainer	_GLOBAL_TutorialMessages.txt:426
1	ItemIsDestructible	_CRIME_CrimeTriggers.txt:3340
1	ItemIsLocked	_GLOBAL_TutorialMessages.txt:510
1	ItemOpened	_Global_Procedure.txt:432
1	ItemStackedWith	_GLOBAL_ItemEvents.txt:652
1	ItemTemplateEquipped	GLO_Arena.txt:1265
1	ItemTemplateIsInCharacterInventory	_Greevers_Little_Helpers.txt:2204
1	ItemTemplateOpening	_GLOBAL_TutorialMessages.txt:422
1	ItemTemplateRemovedFromCharacter	_GLOBAL_ItemEvents.txt:712
1	ItemTemplateUnEquipped	GLO_Arena.txt:1290
1	ItemUnEquipped	_GLOBAL_ItemEvents.txt:569
1	MysteryUnlocked	_Global_JournalHelper.txt:319
1	ObjectFlagShared	_Global_JournalHelper.txt:845
1	ObjectIsOnStage	__PROC.txt:1429
1	OnCrimeSawCriminalInCombat	_CRIME_CrimeTriggers.txt:1252
1	OnCriminalMergedWithCrime	_CRIME_CrimeTriggers.txt:1464
1	QRY_AnyRegionActive	GLO_Checkpoints.txt:53
1	QRY_CRIME_PlayerInDialogTeleportedTooFar	_CRIME_CrimeTriggers.txt:1666
1	QRY_CharIsAboutToResurrect	GLO_Arena.txt:605
1	QRY_CharacterIsNull	_CRIME_CrimeTriggers.txt:3797
1	QRY_Crime_ItemHasHPorIndestructible	_CRIME_CrimeTriggers.txt:3183
1	QRY_GLOBAL_Shapeshifting_GetPolymorphStatus	_CRIME_CrimeBribes.txt:77
1	QRY_GLOBAL_Shapeshifting_GetPolymorphStatus_Fallback	_CRIME_CrimeBribes.txt:79
1	QRY_GLO_PartyMembers_GetInPartyDialog	_GLO_Shared_PartyMembers.txt:829
1	QRY_GLO_PartyMembers_GetInPartyDialogReset	_GLO_Shared_PartyMembers.txt:827
1	QRY_GLO_PartyMembers_UserHasOtherCharacters	_GLO_Shared_PartyMembers.txt:686
1	QRY_GetAttitudeChangeForTrade	_Trade.txt:215
1	QRY_GetCriminalGuilty	_CRIME_CrimeTriggers.txt:1083
1	QRY_HasWaypointsUnlocked	_Waypoints.txt:240
1	QRY_PlayLoopEffect	_GLOBAL_Effects.txt:316
1	QRY_TUT_DragIcon_ProfileDB	_GLOBAL_TutorialMessages.txt:432
1	QryCanSeeAttackers	__PROC.txt:1439
1	QryCrimeKillerVictimWereInSameCombat	_CRIME_CrimeTriggers.txt:2594
1	QryCrimeOnlyHasSummonCriminal	_CRIME_CrimeTriggers.txt:1397
1	QryHasNeutralBlockTag	_CRIME_CrimeTriggers.txt:1720
1	QryNPCIsGuard	_CRIME_CrimeBribes.txt:309
1	Qry_HasDontCreateMurderInCombat	_CRIME_CrimeTriggers.txt:2729
1	QueryOnlyOnce	_GLO_Shared_Origins.txt:52
1	QuestAccepted	_Global_JournalHelper.txt:727
1	QuestIsClosed	_Global_JournalHelper.txt:90
1	Random	_CRIME_CrimeTriggers.txt:2888
1	RequestTrade	_Trade.txt:196
1	SkillAdded	_GLOBAL_TutorialMessages.txt:344
1	String	_GLOBAL_ItemEvents.txt:705
1	TutorialBoxClosed	_GLOBAL_TutorialMessages_MovementDetection.txt:65
1	UserGetFlag	_Greevers_Little_Helpers.txt:1583
1	VoiceBarkEnded	ZZZ_LastGoal.txt:16
1	VoiceBarkFailed	__OneshotDialogs.txt:320
