191	DB_NOOP	GLO_Arena.txt:700
109	ObjectClearFlag	GLO_Arena.txt:44
69	ObjectSetFlag	GLO_Arena.txt:687
64	Proc_StartDialog	GLO_Arena.txt:1044
51	QRY_SpeakerIsAvailable	QRY_Characters.txt:20
45	GlobalClearFlag	GLO_Arena.txt:92
36	CharacterMakeStoryNpc	_AAA_FirstGoal.txt:114
35	SetOnStage	GLO_Arena.txt:27
33	SetStoryEvent	GLO_Arena.txt:954
30	SetHasDialog	GLO_PartyPresets.txt:157
29	GlobalSetFlag	GLO_Arena.txt:137
28	SetTag	GLO_Arena.txt:858
25	DebugText	GLO_Arena.txt:34
24	ProcItemSetInvulnerableForDialog	_AAA_FirstGoal.txt:121
24	TeleportTo	GLO_Arena.txt:569
23	ProcFaceCharacter	__GLOBAL_Dialogs.txt:311
22	QRY_PrepForInteractiveDialog	__GLOBAL_Dialogs.txt:289
21	ProcRemovePolymorphsFromPlayer	_GLOBAL_Shared_Shapeshifting.txt:88
20	PlayAnimation	GLO_Arena.txt:1015
20	RemoveStatus	GLO_Arena.txt:1292
19	IsTagged	_CRIME_CrimeTriggers.txt:823
18	ClearTag	GLO_Arena.txt:869
18	DB_Noop	GLO_PartyPresets.txt:14
18	DialogRequestStop	GLO_Arena.txt:541
18	RequestProcessed	_CRIME_CrimeTriggers.txt:3835
18	SetVarFixedString	GLO_Follower.txt:11
18	SetVarInteger	_AdvancedSneakTriggerSpotter.txt:64
16	DB_HasMetCharactersToCheck	__GLOBAL_Dialogs.txt:317
16	ProcObjectTimer	_CRIME_CrimeTriggers.txt:973
15	ProcTriggerRegisterForPlayers	_AAA_FirstGoal.txt:616
15	UserSetFlag	GLO_Arena.txt:119
14	CharacterMoveToAndTalkRequestDialogFailed	_CRIME_CrimeTriggers.txt:1002
14	DB_FoundDialog	__GLOBAL_Dialogs.txt:597
14	Proc_DialogFlagSetup	__GLOBAL_Dialogs.txt:207
14	QuestArchive	_Global_JournalHelper.txt:486
13	CharacterSetFightMode	_CRIME_CrimeTriggers.txt:3047
13	CharacterStopCrime	GLO_Checkpoints.txt:155
13	ItemToInventory	_GLOBAL_ItemEvents.txt:169
12	CharacterRegisterCrime	_CRIME_CrimeTriggers.txt:231
12	CharacterSetRelationFactionToFaction	_Greevers_Little_Helpers.txt:909
12	DB_Arena_PlayerParticipants	GLO_Arena.txt:314
12	DB_LoopEffect	_GLOBAL_Effects.txt:20
12	HasActiveStatus	QRY_Characters.txt:87
12	ProcCrimeClearVandaliseDB	_CRIME_CrimeTriggers.txt:3297
12	QRY_CrimeNPCUnAvailableForDialog	_CRIME_CrimeTriggers.txt:3533
12	QRY_StartDialog	__GLOBAL_Dialogs.txt:201
12	SetFaction	GLO_Arena.txt:571
12	SetVarObject	_AdvancedSneakTriggerSpotter.txt:34
12	StartDialog_Internal	__GLOBAL_Dialogs.txt:205
12	TimerLaunch	GLO_Arena.txt:1025
11	CharacterLookAt	_CRIME_CrimeTriggers.txt:753
11	CharacterMoveTo	_Greevers_Little_Helpers.txt:1220
11	DB_IsPlayer	GLO_PartyPresets.txt:155
11	DB_OneShot_DialogSpeakers	__OneshotDialogs.txt:12
11	DebugBreak	_CRIME_CrimeTriggers.txt:4415
11	ProcStopLoopEffect	_GLOBAL_Effects.txt:155
11	QRY_GetFairRand	_Greevers_Little_Helpers.txt:387
10	CharacterDisableAllCrimes	_CRIME_CrimeTriggers.txt:125
10	DB_CustomCombineItemResponse	_CRIME_CrimeTriggers.txt:4331
10	DB_Internal_Dialogs	__PROC.txt:150
10	DB_PartyDecisionDialog_OutcomeEvent	_GLOBAL_Shared_PartyDecisionDialogs.txt:100
10	ProcMakeNPCHostile	_CRIME_CrimeTriggers.txt:911
10	Proc_CharacterSetTemporaryHostileRelation	_CRIME_CrimeTriggers.txt:1583
9	CharacterAddAttitudeTowardsPlayer	_CRIME_CrimeTriggers.txt:3519
9	CharacterEnableCrime	_CRIME_CrimeTriggers.txt:146
9	CharacterPurgeQueue	GLO_Follower.txt:16
9	CharacterSetRelationIndivFactionToIndivFaction	_GLO_Shared_PartyMembers.txt:555
9	DB_NoOp	_GLO_Shared_Origins.txt:511
9	FireOsirisEvents	GLO_PartyPresets.txt:195
9	IsSpeakerReserved	QRY_Characters.txt:71
9	MakePlayerActive	GLO_Arena.txt:659
9	ProcClearAssaultDBForCrime	_CRIME_CrimeTriggers.txt:1834
9	ProcTriggerUnregisterForPlayers	_AAA_FirstGoal.txt:637
9	TriggerUnregisterForCharacter	GLO_Follower.txt:112
8	ApplyStatus	GLO_Arena.txt:636
8	CharacterMakePlayer	GLO_PartyPresets.txt:169
8	CharacterSetTemporaryHostileRelation	_Attitude.txt:16
8	CrimeConfrontationDone	_CRIME_CrimeTriggers.txt:413
8	DB_CombatCharacters	_CRIME_CrimeTriggers.txt:1813
8	DB_LoopBeamEffect	_GLOBAL_Effects.txt:28
8	DB_OneShotPlayerTrigger	_Global_Autosave.txt:12
8	DB_SneakTriggerSpotter	GLO_Checkpoints.txt:32
8	DB_TutorialInfo	_GLOBAL_TutorialMessages.txt:533
8	IntegerSum	_CRIME_CrimeTriggers.txt:2021
8	PartySetFlag	GLO_Arena.txt:120
8	ProcSetMagicPocketsOwnershipFlag	_GLOBAL_ItemEvents.txt:485
8	SetInArena	GLO_Arena.txt:570
8	TriggerRegisterForCharacter	GLO_Follower.txt:103
8	UserClearFlag	GLO_Arena.txt:72
7	CharacterRegisterCrimeWithPosition	_CRIME_CrimeTriggers.txt:245
7	CharacterSetImmortal	GLO_Arena.txt:26
7	DB_Arena_CharIsAlive	GLO_Arena.txt:568
7	DB_Crime_PlayerAttacked	_CRIME_CrimeTriggers.txt:1847
7	DB_FairRandAmount	_Greevers_Little_Helpers.txt:403
7	DB_GLO_LVHub_GetUserChestResult	_GLO_Homestead_PlayerChests.txt:139
7	DialogSetVariableInt	_AAA_FirstGoal.txt:205
7	ItemTemplateAddTo	_GLOBAL_ItemEvents.txt:177
7	PlayEffect	_Global_Procedure.txt:402
7	PlaySound	_GLO_Shared_Origins.txt:943
7	ProcForceStopDialog	Shared_CombatDialogs.txt:18
7	ProcRemoveAllDialogEntriesForSpeaker	GLO_PartyPresets.txt:156
7	Proc_PyramidLeaveBlockerTrigger	_GLOBAL_TeleporterPyramids.txt:106
7	QryCrimeItemHasNPCOwner	_CRIME_CrimeTriggers.txt:4298
7	UnlockSecretRegion	_Global_Procedure.txt:428
6	CharacterDisableCrime	_CRIME_CrimeTriggers.txt:139
6	CharacterFlushQueue	GLO_Arena.txt:953
6	CharacterSetRelationFactionToIndivFaction	_GLO_Shared_PartyMembers.txt:538
6	CharacterSetRelationIndivFactionToFaction	_GLO_Shared_PartyMembers.txt:537
6	CrimeInterrogationDone	_CRIME_CrimeTriggers.txt:900
6	DB_GLOBAL_Shapeshifting_PolymorphStatus	_CRIME_CrimeBribes.txt:32
6	DB_TargetInstancespeakers	__GLOBAL_Dialogs.txt:843
6	ObjectIsCharacter	QRY_Characters.txt:33
6	ProcCharacterDisappearOutOfSight	_CRIME_CrimeTriggers.txt:2269
6	ProcCharacterEnableCrime	_CRIME_CrimeTriggers.txt:330
6	ProcClearMagicPocketsOwnershipFlag	_GLOBAL_ItemEvents.txt:492
6	ProcCrimeCheckRegisterUseForbiddenItem	_CRIME_CrimeTriggers.txt:4019
6	ProcCrimeInterruptStoryDialogs	_CRIME_CrimeTriggers.txt:583
6	ProcFixPlayerAlignments	_PlayerAlignments.txt:102
6	ProcRestoreGenericBehaviour	_CRIME_CrimeTriggers.txt:993
6	ProcTryStopDialogFor	_CRIME_CrimeTriggers.txt:3669
6	QryCrimeCharacterIsSummonOrNull	_CRIME_CrimeTriggers.txt:801
6	Random	_CRIME_CrimeTriggers.txt:1799
6	RealSum	_CRIME_CrimeTriggers.txt:1650
6	SetVarString	_CRIME_CrimeTriggers.txt:1177
5	CharacterIsEnemy	_CRIME_CrimeTriggers.txt:3603
5	CharacterMakeNPC	Z_Shared_CharacterCreation.txt:65
5	CharacterSetCanTrade	_Trade.txt:348
5	CharacterStopCrimeWithID	_CRIME_CrimeBribes.txt:282
5	DB_ADRequested	__PROC.txt:741
5	DB_Arena_LastManStandingTeams	GLO_Arena_LMS.txt:397
5	DB_CheckPoint	GLO_Checkpoints.txt:10
5	DB_CrimeBribes_BribedTooManyTimes	_CRIME_CrimeBribes.txt:105
5	DB_Crime_WarningCount	_CRIME_CrimeTriggers.txt:469
5	DB_FairRand_Available	_Greevers_Little_Helpers.txt:396
5	DB_GLO_LVHub_PlayerChests_HostSecondary	_GLO_Homestead_PlayerChests.txt:144
5	DB_GLO_PartyMembers_BlockReturnToRecruitmentPosition	GLO_PartyPresets.txt:72
5	DB_IntegerSign	_CRIME_CrimeTriggers.txt:2015
5	DB_LastManStanding_InitiateDialog_Speaker	GLO_Arena_LMS.txt:84
5	DB_NewOriginRecruitmentDialog	_GLO_Shared_Origins.txt:120
5	DB_OneShot_DialogSpeakerCount	__OneshotDialogs.txt:11
5	DB_PROC_StartDialogWithVisibleTag	_Greevers_Little_Helpers.txt:1974
5	DB_TempTradeBalance	_Trade.txt:244
5	GetDistanceTo	QRY_Characters.txt:119
5	GetPosition	_CRIME_CrimeTriggers.txt:2057
5	ProcBlockCombineItem	_CRIME_CrimeTriggers.txt:3877
5	ProcCancelReflectionDialog	_GLOBAL_Shared_ReflectionDialog.txt:25
5	ProcCharacterRegisterCrimeWithPosition	_CRIME_CrimeTriggers.txt:1676
5	ProcCrimeCheckIfAttitudeCauseCombat	_CRIME_CrimeTriggers.txt:1472
5	ProcCrimeStopCombineItemCrime	_CRIME_CrimeTriggers.txt:4266
5	ProcObjectTimerCancel	_CRIME_CrimeTriggers.txt:2334
5	ProcSaveNumActors	_AAA_FirstGoal.txt:60
5	Proc_Arena_CheckWinCondition	GLO_Arena.txt:609
5	Proc_PyramidEnterBlockerTrigger	_GLOBAL_TeleporterPyramids.txt:93
5	QRY_CRIME_AssaultCrimeGetInvestigationPos	_CRIME_CrimeTriggers.txt:2028
5	QRY_CharacterIsNull	QRY_Characters.txt:157
5	QRY_GetClosestAvailableCharacterTo	__PROC.txt:1311
5	QRY_IntegerSign	_CRIME_CrimeTriggers.txt:2013
5	QryCombineItemHasCustomResult	_CRIME_CrimeTriggers.txt:4329
5	QryCombineItemIsBlocked	_CRIME_CrimeTriggers.txt:4364
5	QryEvaluateMagicPocketGold	_GLOBAL_ItemEvents.txt:196
5	SetHomesteadKeyState	_Waypoints.txt:155
5	StartVoiceBark	_Greevers_Little_Helpers.txt:1586
5	UserGetGold	_GLOBAL_ItemEvents.txt:198
4	ActivateTrade	_Trade.txt:166
4	CharacterAddGold	_GLOBAL_ItemEvents.txt:438
4	CharacterCanSee	_Greevers_Little_Helpers.txt:1203
4	CharacterDetachFromGroup	_CRIME_Prison.txt:143
4	CharacterDie	_GLO_Shared_Origins.txt:707
4	CharacterGetReservedUserID	_GLO_Homestead_PlayerChests.txt:275
4	CharacterIsDeadOrFeign	QRY_Characters.txt:44
4	CharacterMoveToAndTalk	_CRIME_CrimeTriggers.txt:937
4	CloseUI	_GLOBAL_ItemEvents.txt:78
4	CrimeEnableInterrogation	_CRIME_CrimeTriggers.txt:974
4	CrimeIgnoreCrime	_CRIME_CrimeTriggers.txt:287
4	DB_CRIME_AssaultCrimeInvestigationPos	_CRIME_CrimeTriggers.txt:2030
4	DB_CRIME_CrimeTriggers_SilentWitnessesForCrime	_CRIME_CrimeTriggers.txt:167
4	DB_CharacterCreationDummy	Z_Shared_CharacterCreation.txt:13
4	DB_CharacterDisappearedOutOfSight	__PROC.txt:1394
4	DB_CrimeBribes_CrimeSeverity	_CRIME_CrimeBribes.txt:44
4	DB_Crime_InterrogationStarted	_CRIME_CrimeTriggers.txt:889
4	DB_CurrentLevel	_AAA_FirstGoal.txt:575
4	DB_DialogNPCs	_AAA_FirstGoal.txt:143
4	DB_FairRand_Array	_Greevers_Little_Helpers.txt:420
4	DB_GenericOrigins	Z_Shared_CharacterCreation.txt:23
4	DB_GlobalCounter	_GLO_Homestead_PlayerChests.txt:83
4	DB_HW_CharCountInTrigger	__GLOBAL_HiddenWalls.txt:28
4	DB_IRP_Internal_PuzzlesItemsSolved	__GLOBAL_ItemRotationPuzzles.txt:42
4	DB_InCharacterCreation	Z_Shared_CharacterCreation.txt:103
4	DB_InternalCounter	__PROC.txt:149
4	DB_JDF_Dependencies	_Global_JournalHelper.txt:777
4	DB_JDF_QuestLinkedFlag	_Global_JournalHelper.txt:775
4	DB_Mystery	_Global_JournalHelper.txt:335
4	DB_NPCSheathWeapon	_CRIME_CrimeTriggers.txt:3085
4	DB_OriginNPCAlignment	Z_Shared_CharacterCreation.txt:27
4	DB_OriginRelationModifiedAmount	_GLO_Shared_Origins.txt:492
4	DB_Shapeshifting_OriginalRaces	_GLOBAL_Shared_Shapeshifting.txt:263
4	DB_Shovel_PlayerHadWeaponDrawn	__GLO_Shovel.txt:51
4	DialogAddActor	_CRIME_CrimeTriggers.txt:1502
4	EnterCombat	_CRIME_CrimeTriggers.txt:2101
4	FadeToBlack	GLO_Arena.txt:936
4	ItemTemplateIsInUserInventory	_GLOBAL_ItemEvents.txt:133
4	MoveAllItemsTo	_CRIME_Prison.txt:157
4	PlayEffectAtPosition	_Greevers_Little_Helpers.txt:345
4	ProcBumpOsirisMoveCommandID	__PROC.txt:1041
4	ProcCharacterDisableAllCrimes	GLO_PartyPresets.txt:151
4	ProcCleanupArrest	_CRIME_Prison.txt:250
4	ProcCrimeMurderDefineSilentWitness	_CRIME_CrimeTriggers.txt:2660
4	ProcCrimeRegisterAssaultType	_CRIME_CrimeTriggers.txt:1970
4	ProcCrimeSetCustomSensibleActionVariable	_CRIME_CrimeTriggers.txt:4427
4	ProcCrimeSetupCountFlag_ForEachCriminal	_CRIME_CrimeTriggers.txt:457
4	ProcCrimeSetupValidWarningCriminals	_CRIME_CrimeTriggers.txt:516
4	ProcCrimeTrespassingCheckDetection	_CRIME_CrimeTriggers.txt:1403
4	ProcGetInvolvedNPCs	_AAA_FirstGoal.txt:59
4	ProcGetInvolvedPlayers	_AAA_FirstGoal.txt:58
4	ProcIncreaseInternalCount	__PROC.txt:141
4	ProcInteralCounterEntry	__PROC.txt:142
4	ProcMarkUndeadOrigin	GLO_PartyPresets.txt:53
4	ProcRestoreFightMode	_CRIME_CrimeTriggers.txt:3074
4	ProcSetInvulnerable	GLO_Arena.txt:637
4	ProcUnRegisterPlayerTriggers	GLO_PartyPresets.txt:70
4	Proc_Arena_CheckAvailableCharacters_2	GLO_Arena.txt:236
4	Proc_Arena_Win	GLO_Arena.txt:765
4	Proc_DoPartyDecisionDialog	_GLOBAL_Shared_PartyDecisionDialogs.txt:288
4	Proc_ItemEventCheck	_GLOBAL_ItemEvents.txt:44
4	QRY_CrimeBribes_BribedTooManyTimes	_CRIME_CrimeBribes.txt:103
4	QRY_GLOBAL_Shapeshifting_GetPolymorphStatus	_CRIME_CrimeBribes.txt:208
4	QRY_GLO_LVHub_GetUserChest	_GLO_Homestead_PlayerChests.txt:135
4	QRY_PlayLoopEffectCleanUp	_GLOBAL_Effects.txt:31
4	QryNPCIsGuard	_CRIME_CrimeTriggers.txt:3018
4	QryNonAnimalNPCCaresAboutVictim	_CRIME_CrimeTriggers.txt:3468
4	Query_IsPlayerHiding	QRY_Characters.txt:143
4	QuestClose	_Global_JournalHelper.txt:111
4	RemoveHarmfulStatuses	GLO_Arena.txt:635
4	SetInvulnerable_UseProcSetInvulnerable	__GLOBAL_Dialogs.txt:497
4	TeleportToPosition	GLO_Arena.txt:731
4	TriggerRegisterForPlayers	_AAA_FirstGoal.txt:272
4	UpdateTime	_AAA_FirstGoal.txt:439
3	CharacterAddSourcePoints	_Greevers_Little_Helpers.txt:1135
3	CharacterAssignToUser	Z_Shared_CharacterCreation.txt:291
3	CharacterEnableAllCrimes	_CRIME_CrimeTriggers.txt:132
3	CharacterGetAttribute	_CRIME_CrimeTriggers.txt:2007
3	CharacterIsInCombat	QRY_Characters.txt:117
3	CharacterIsInPartyWith	_GLOBAL_Shared_ReflectionDialog.txt:274
3	CharacterIsPlayer	_CRIME_CrimeTriggers.txt:4289
3	CharacterSetAnimationOverride	_Global_CharacterAnimations.txt:416
3	CharacterSetSpectating	GLO_Arena.txt:951
3	CharacterUseSkill	_Greevers_Little_Helpers.txt:156
3	CrimeTransferEvidenceTo	_CRIME_CrimeTriggers.txt:1127
3	DB_AttitudeAdjustMent	_Trade.txt:295
3	DB_AutomatedDialog	_AAA_FirstGoal.txt:71
3	DB_AvailableReflectionDialogPlayerCount	_GLOBAL_Shared_ReflectionDialog.txt:39
3	DB_BlockTextSpam	_TrapReactions.txt:23
3	DB_CRIME_AssaultCrimeGetCrimeLocationScoreIncrease	_CRIME_CrimeTriggers.txt:1996
3	DB_CRIME_DialogTeleportInitialPosition	_CRIME_CrimeTriggers.txt:1620
3	DB_CharacterPolymorphedInto	_GLOBAL_Shared_Shapeshifting.txt:32
3	DB_CombatObjects	_GLOBAL_Effects.txt:328
3	DB_CombatWarnings	_CRIME_CrimeTriggers.txt:1740
3	DB_CrimeBribes_PairBribes	_CRIME_CrimeBribes.txt:93
3	DB_CrimeMurderCrimeType	_CRIME_CrimeTriggers.txt:2516
3	DB_Crime_Assault	_CRIME_CrimeTriggers.txt:1889
3	DB_Crime_SetupCriminalIndex	_CRIME_CrimeTriggers.txt:515
3	DB_Crime_UseForbiddenItem	_CRIME_CrimeTriggers.txt:4167
3	DB_CustomUseItemResponse	_GLOBAL_TeleporterPyramids.txt:320
3	DB_DebugAVATARFound	GLO_PartyPresets.txt:109
3	DB_DialogPlayers	_AAA_FirstGoal.txt:132
3	DB_Dialogs	_GLOBAL_Shared_ReflectionDialog.txt:200
3	DB_FairAmount_ListFilled	_Greevers_Little_Helpers.txt:423
3	DB_FairRand_Last_Of_Previous_Seeding	_Greevers_Little_Helpers.txt:410
3	DB_FairRand_ReturnVal	_Greevers_Little_Helpers.txt:389
3	DB_GLO_LVHub_PlayerChests_Client	_GLO_Homestead_PlayerChests.txt:137
3	DB_GLO_LVHub_PlayerChests_Host	_GLO_Homestead_PlayerChests.txt:38
3	DB_GLO_PartyMember_OriginUserHasOtherCharacter	_GLO_Shared_PartyMembers.txt:205
3	DB_GLO_PartyMembers_DefaultFaction	GLO_PartyPresets.txt:130
3	DB_HasTaggedItem	_GLOBAL_ItemEvents.txt:587
3	DB_HostileToPlayerGroupAfterDialog	_Greevers_Little_Helpers.txt:838
3	DB_IRP_Internal_Items	__GLOBAL_ItemRotationPuzzles.txt:14
3	DB_IRP_Internal_Puzzles	__GLOBAL_ItemRotationPuzzles.txt:16
3	DB_Interrogation	_CRIME_CrimeTriggers.txt:507
3	DB_KilledEvent_HostileToTarget	_Greevers_Little_Helpers.txt:1759
3	DB_MovingItem	_PROC_AUDIO.txt:45
3	DB_MyseryUnlocked	_Global_JournalHelper.txt:323
3	DB_NormaliseAngle_Result	_Greevers_Little_Helpers.txt:2132
3	DB_ObjectCountHelper	_CRIME_CrimeTriggers.txt:2051
3	DB_OneShot_ADSpeakers	__OneshotDialogs.txt:201
3	DB_OnlyOnce	_Greevers_Little_Helpers.txt:384
3	DB_PartyDecisionDialog_Observer	_GLOBAL_Shared_PartyDecisionDialogs.txt:250
3	DB_PartyDecisionDialog_ObserverCount	_GLOBAL_Shared_PartyDecisionDialogs.txt:251
3	DB_PartyDecisionDialog_PlayerCount	_GLOBAL_Shared_PartyDecisionDialogs.txt:38
3	DB_PartyDecisionDialog_Players	_GLOBAL_Shared_PartyDecisionDialogs.txt:37
3	DB_PlayLoopEffectHandleResult	_GLOBAL_Effects.txt:33
3	DB_PrivateQuestFlag	_Global_JournalHelper.txt:308
3	DB_QRYRTN_PetPallerInDialogRange	QRY_Characters.txt:166
3	DB_QuestDef_AddEvent	_GLO_Shared_PartyMembers.txt:915
3	DB_ReflectionDialog_Phase1_Index	_GLOBAL_Shared_ReflectionDialog.txt:299
3	DB_ReflectionDialog_PlayerCount	_GLOBAL_Shared_ReflectionDialog.txt:216
3	DB_SawAttacker	__PROC.txt:1413
3	DB_Sees	_AAA_FirstGoal.txt:469
3	DB_SharedQuestFlag	_Global_JournalHelper.txt:264
3	DB_Shovelling_Mound	__GLO_Shovel.txt:48
3	DB_StackInternalCounter	_Greevers_Little_Helpers.txt:28
3	DB_StealRequestHandled	_CRIME_CrimeTriggers.txt:4065
3	DB_TemporaryHostilityAfterDialog	_Greevers_Little_Helpers.txt:854
3	DB_TopOfStack	_Greevers_Little_Helpers.txt:29
3	DB_TrespassTrigger	GLO_Checkpoints.txt:27
3	DB_TutorialMessages_SkillUnlockDone	_GLOBAL_TutorialMessages.txt:366
3	DB_WasInCombat	_CRIME_CrimeTriggers.txt:2484
3	DialogSetVariableString	_AAA_FirstGoal.txt:219
3	DisablePyramid	_GLOBAL_TeleporterPyramids.txt:44
3	DoGenTradeItems	_Trade.txt:46
3	EndTurn	_Greevers_Little_Helpers.txt:709
3	Foop	GLO_Arena.txt:991
3	Integer	_Greevers_Little_Helpers.txt:527
3	IntegerSubtract	_CRIME_CrimeTriggers.txt:2011
3	InventoryLaunchTagIterator	_GLOBAL_ItemEvents.txt:318
3	ItemMoveToPosition	_PROC_AUDIO.txt:30
3	ItemMoveToTrigger	_PROC_AUDIO.txt:25
3	ItemRemove	_Greevers_Little_Helpers.txt:1723
3	ItemRotateY	__GLOBAL_ItemInteraction.txt:26
3	ItemTemplateRemoveFrom	_GLOBAL_ItemEvents.txt:883
3	JumpToTurn	GLO_Arena.txt:992
3	LeaveCombat	GLO_Arena_LMS.txt:129
3	MusicPlayForPeer	_GLO_Shared_Origins.txt:930
3	Poof	GLO_Arena.txt:1055
3	ProcAppearOutOfSightAfterFleeing	_CRIME_CrimeTriggers.txt:2364
3	ProcAssignDummyToUser	Z_Shared_CharacterCreation.txt:96
3	ProcCancelAllRelationshipDialogs	_GLOBAL_Shared_RelationshipDialogs.txt:72
3	ProcCancelOneRelationshipDialog	_GLOBAL_Shared_RelationshipDialogs.txt:103
3	ProcCheckCounter	_Global_Procedure.txt:110
3	ProcCheckStartArrestInterrogation	_CRIME_Prison.txt:361
3	ProcCleanUpInterrogation	_CRIME_CrimeTriggers.txt:971
3	ProcClearStoryMove	_Greevers_Little_Helpers.txt:1174
3	ProcCrimeAddToAttackedDBIfAssaultCombat	_CRIME_CrimeTriggers.txt:2762
3	ProcCrimeCheckAssailant	_CRIME_CrimeTriggers.txt:1935
3	ProcCrimeCreateMurder	_CRIME_CrimeTriggers.txt:2602
3	ProcCrimeRegisterVandalise	_CRIME_CrimeTriggers.txt:3220
3	ProcCrimeSetupCountFlag	_CRIME_CrimeTriggers.txt:420
3	ProcLaunchAmbush	_Global_Procedure.txt:304
3	ProcMigrateQuestFlag	_Global_JournalHelper.txt:81
3	ProcMigrateQuestFlagsFor	_Global_JournalHelper.txt:248
3	ProcMigrateQuestsForUser	_Global_JournalHelper.txt:134
3	ProcOneShotADCleanup	__OneshotDialogs.txt:265
3	ProcOneShotDialogCleanup	__OneshotDialogs.txt:156
3	ProcRegisterPickPocketFailed	_CRIME_CrimeTriggers.txt:2975
3	ProcRegisterPlayerTriggers	GLO_PartyPresets.txt:153
3	ProcRemovePolymorphs	_GLOBAL_Shared_Shapeshifting.txt:145
3	ProcReservePolymorphShapes	_GLOBAL_Shared_Shapeshifting.txt:170
3	ProcSetQuestNPCFlag	_Global_JournalHelper.txt:73
3	ProcShareQuestflagWith	_Global_JournalHelper.txt:173
3	ProcStopInterrogation	_CRIME_CrimeTriggers.txt:1167
3	ProcTryStartAttackAD	_CRIME_CrimeTriggers.txt:1491
3	Proc_AddSourcePoint	_Greevers_Little_Helpers.txt:1141
3	Proc_Arena_Win_TeleportOut	GLO_Arena.txt:910
3	Proc_CheckPartyFull	GLO_PartyPresets.txt:160
3	Proc_JDF_CheckDependencies	_Global_JournalHelper.txt:835
3	Proc_ObjectCountHelper	_CRIME_CrimeTriggers.txt:2037
3	Proc_OnAddItemTemplateToChar	_GLOBAL_ItemEvents.txt:709
3	Proc_OneTimeEventFlag	_Greevers_Little_Helpers.txt:1888
3	Proc_PartyDecisionDialog_DoDialogWithObservers	_GLOBAL_Shared_PartyDecisionDialogs.txt:125
3	Proc_PyramidCheckEnabled	_GLOBAL_TeleporterPyramids.txt:56
3	Proc_ReflectionDialog_Phase1_NextPlayer	_GLOBAL_Shared_ReflectionDialog.txt:300
3	Proc_StartArrestDialog	_CRIME_Prison.txt:166
3	QRY_CRIMES_AssaultCrimeGetCrimeLocationScoreIncrease	_CRIME_CrimeTriggers.txt:1994
3	QRY_CRIME_BlockRegisterCrime	GLO_Checkpoints.txt:132
3	QRY_CRIME_PlayerInDialogTeleportedTooFarInit	_CRIME_CrimeTriggers.txt:1618
3	QRY_Conditional_CharacterCanSee	__PROC.txt:1333
3	QRY_Conditional_CharacterIsInPartyWith	__PROC.txt:1337
3	QRY_CrimeBribes_CrimeGetSeverity	_CRIME_CrimeBribes.txt:42
3	QRY_GLO_LVHub_PlayerChests_HostCanAccessChest	_GLO_Homestead_PlayerChests.txt:259
3	QRY_GetCriminalGuilty	_CRIME_CrimeTriggers.txt:1094
3	QRY_NormaliseAngle	_Greevers_Little_Helpers.txt:2130
3	QRY_OncePerUserAndNearbyPlayers	_Greevers_Little_Helpers.txt:576
3	QRY_PetPallerInDialogRange	QRY_Characters.txt:164
3	QRY_SpeakerIsAvailableAndInDialogRange	QRY_Characters.txt:109
3	QRY_SpeakerIsDead	QRY_Characters.txt:40
3	QRY_VersionIsOlderThan	GLO_SavegamePatchHelpers.txt:15
3	QryCrimeMurderGetCrimeType	_CRIME_CrimeTriggers.txt:2514
3	QuestAccepted	_GLO_Shared_PartyMembers.txt:917
3	Real	_Greevers_Little_Helpers.txt:539
3	RealDivide	_Greevers_Little_Helpers.txt:545
3	RealProduct	_Greevers_Little_Helpers.txt:521
3	RealSubtract	_Greevers_Little_Helpers.txt:515
3	SetCanFight	GLO_Arena.txt:685
3	SetCanJoinCombat	GLO_Arena.txt:686
3	SetStoryNpcStatus	_GLO_Shared_PartyMembers.txt:881
3	SetVarFloat3	_CRIME_CrimeTriggers.txt:569
3	StartPickpocket	_CRIME_CrimeTriggers.txt:2857
3	Transform	__PROC.txt:1561
3	TriggerUnregisterForPlayers	_AAA_FirstGoal.txt:290
3	UserGetFlag	GLO_Checkpoints.txt:145
2	AutoSave	_Global_Autosave.txt:42
2	CharacterAddAbility	_Greevers_Little_Helpers.txt:2069
2	CharacterDisappearOutOfSight	__PROC.txt:1395
2	CharacterEnableCrimeWarnings	_CRIME_CrimeTriggers.txt:370
2	CharacterEnteredSubRegion	_GLOBAL_Subregions.txt:22
2	CharacterEquipItem	_Greevers_Little_Helpers.txt:1653
2	CharacterFollowCharacter	__PROC.txt:45
2	CharacterGetRace	_GLOBAL_Shared_Shapeshifting.txt:222
2	CharacterIsDead	_CRIME_CrimeTriggers.txt:3578
2	CharacterIsSummon	GLO_Follower.txt:276
2	CharacterItemSetEvent	_Global.txt:53
2	CharacterLaunchIteratorAroundObject	_CRIME_CrimeBribes.txt:294
2	CharacterMoveToPosition	__PROC.txt:1017
2	CharacterRemoveTalent	GLO_Arena.txt:666
2	CharacterResurrect	_Greevers_Little_Helpers.txt:1063
2	CharacterResurrectCustom	GLO_Arena.txt:965
2	CharacterSetDoNotFaceFlag	__PROC.txt:83
2	CharacterSetHitpointsPercentage	GLO_Arena.txt:927
2	CharacterSetReactionPriority	_CRIME_CrimeTriggers.txt:868
2	CharacterStopFollow	__PROC.txt:52
2	CharacterUnequipItem	_Greevers_Little_Helpers.txt:1637
2	CrimeGetType	_CRIME_CrimeTriggers.txt:1507
2	CrimeIgnoreAllCrimesForCriminal	_CRIME_CrimeBribes.txt:292
2	DB_ActivatedQuests	_Global_JournalHelper.txt:72
2	DB_Arena_CheckOtherCharacters_Count	GLO_Arena.txt:130
2	DB_Arena_CheckOtherPlayers_Count	GLO_Arena.txt:144
2	DB_Arena_LastManStanding_AcceptCount	GLO_Arena_LMS.txt:203
2	DB_Arena_NonLethal	GLO_Arena.txt:698
2	DB_Arena_PreviousFaction	GLO_Arena.txt:567
2	DB_AssignedDummyForUser	Z_Shared_CharacterCreation.txt:228
2	DB_AvailableReflectionDialogPlayer	_GLOBAL_Shared_ReflectionDialog.txt:67
2	DB_Avatars	_GLO_Shared_Origins.txt:406
2	DB_BidirShovelTunnelExit	GLO_BidirShovelTunnel.txt:14
2	DB_CRIME_CrimeTriggers_SilentWitnessIgnoreOnly	_CRIME_CrimeTriggers.txt:205
2	DB_CharMovementCommandID	__PROC.txt:1025
2	DB_CharacterCrimeDisabled	_CRIME_CrimeTriggers.txt:353
2	DB_CharacterCrimeEnabled	_CRIME_CrimeTriggers.txt:347
2	DB_CharacterMovement	__PROC.txt:1007
2	DB_CheckInterrupt	_CRIME_CrimeTriggers.txt:3733
2	DB_CheckPointGuard	GLO_Checkpoints.txt:25
2	DB_ClearedMoveEvent	__PROC.txt:1159
2	DB_CountHelper	_Greevers_Little_Helpers.txt:612
2	DB_CrimeBribes_GetBribeBounds	_CRIME_CrimeBribes.txt:137
2	DB_CrimeCreateMurderAfterCombat	_CRIME_CrimeTriggers.txt:2738
2	DB_CrimeMurderSilentWitnessCollectionContext	_CRIME_CrimeTriggers.txt:2652
2	DB_CrimeReaction_CustomSensibleAction	_CRIME_CrimeTriggers.txt:4420
2	DB_CrimeRegisterAssaultType_Handled	_CRIME_CrimeTriggers.txt:2098
2	DB_CrimeSilentWitness	_CRIME_CrimeTriggers.txt:2551
2	DB_Crime_Interrogation	_CRIME_CrimeTriggers.txt:576
2	DB_Crime_RequestedDialogWithTension	_CRIME_CrimeTriggers.txt:450
2	DB_Crime_TrespassUnavailableLeadDetected	_CRIME_CrimeTriggers.txt:1421
2	DB_Crime_Vandalise	_CRIME_CrimeTriggers.txt:3251
2	DB_CustomDialogRange	QRY_Characters.txt:111
2	DB_Dead	_AAA_FirstGoal.txt:540
2	DB_DialogMoneyTransfer	_CRIME_CrimeBribes.txt:266
2	DB_DialogName	_AAA_FirstGoal.txt:82
2	DB_DialogRequestFailed	_AAA_FirstGoal.txt:63
2	DB_DontCreateMurder	_CRIME_CrimeTriggers.txt:2720
2	DB_DoubleAttitudePrice	_Trade.txt:261
2	DB_Event_CharacterAppearedInSpotTrigger	_Greevers_Little_Helpers.txt:288
2	DB_Event_CharacterDisappearedInSpotTrigger	_Greevers_Little_Helpers.txt:298
2	DB_EvidenceFound	_CRIME_CrimeTriggers.txt:1119
2	DB_ExplorationXPGiven	__GLOBAL_ExplorationBonus.txt:33
2	DB_GLO_AllDialogObjectFlagsShared	_GLO_Shared_Origins.txt:17
2	DB_GLO_Arena_NonLethal_RemoveTalents	GLO_Arena.txt:667
2	DB_GLO_LVHub_PlayerChests_Chest	_GLO_Homestead_PlayerChests.txt:151
2	DB_GLO_PartyMembers_DismissAfterDialog	_GLO_Shared_Origins.txt:154
2	DB_GLO_PartyMembers_InPartyDialog	_GLO_Shared_Origins.txt:45
2	DB_GLO_PartyMembers_Kick_PartyMembers	_GLO_Shared_PartyMembers.txt:437
2	DB_GLO_PartyMembers_OriginalAlignment	_GLO_Shared_Origins.txt:38
2	DB_GLO_PartyMembers_TempRemoved	_GLO_Shared_PartyMembers.txt:762
2	DB_GlobalReflectionDialog	_GLOBAL_Shared_ReflectionDialog.txt:265
2	DB_HW_ClosedWalls	__GLOBAL_HiddenWalls.txt:99
2	DB_HasMet	__GLOBAL_Dialogs.txt:61
2	DB_Helper_GetAnyRandomPositionInArea_Result	_Greevers_Little_Helpers.txt:504
2	DB_HomesteadKeyState	_Waypoints.txt:301
2	DB_HostileToPlayerGroup	_Greevers_Little_Helpers.txt:865
2	DB_IRP_Internal_PuzzlesTotalItemCount	__GLOBAL_ItemRotationPuzzles.txt:41
2	DB_IgnoreReservedChanged	_GLOBAL_ItemEvents.txt:30
2	DB_IgnoreVandaliseTag	_CRIME_CrimeTriggers.txt:3257
2	DB_InRegion	_AAA_FirstGoal.txt:248
2	DB_InsultCounter	_Trade.txt:210
2	DB_Interrupted	_CRIME_CrimeTriggers.txt:3714
2	DB_ItemDestroyCounterCounts	_Global_Procedure.txt:200
2	DB_ItemOpened	_GLOBAL_TutorialMessages.txt:414
2	DB_ItemTagCheckingPlayer	_GLOBAL_ItemEvents.txt:609
2	DB_KillCounterCounts	_Global_Procedure.txt:13
2	DB_LastManStanding	_Global_Procedure.txt:51
2	DB_LastManStanding_InitiateDialog_Count	GLO_Arena_LMS.txt:72
2	DB_LastTradeItemGeneration	_Trade.txt:90
2	DB_MarkedForDelete	_AAA_FirstGoal.txt:57
2	DB_MoveEvent	__PROC.txt:991
2	DB_MoveToAndTalk_FoundNewAvailablePlayer	_Global_RunUpAndChat.txt:138
2	DB_MovingTo	__PROC.txt:1053
2	DB_NPCHadDialog	__PROC.txt:934
2	DB_OneShot_ADSpeakerCount	__OneshotDialogs.txt:200
2	DB_OriginDialog	_GLO_Shared_Origins.txt:553
2	DB_OriginWarningBlock	_GLO_Shared_Origins.txt:584
2	DB_PartyDecisionDialog_Phase1_Index	_GLOBAL_Shared_PartyDecisionDialogs.txt:162
2	DB_PartyDecisionDialog_State	_GLOBAL_Shared_PartyDecisionDialogs.txt:123
2	DB_PeaceTimer	__PROC.txt:640
2	DB_PickpocketingBlocked	_CRIME_CrimeTriggers.txt:2837
2	DB_ProcStateManagerCharacterMoveTo_Handled	__PROC.txt:1259
2	DB_QuestDef_CloseEvent	_Global_JournalHelper.txt:23
2	DB_QuestDef_State	_Global_JournalHelper.txt:35
2	DB_QueuedOneSpeakerDialog	_Global_Procedure.txt:338
2	DB_RandomOriginCounter	Z_Shared_CharacterCreation.txt:388
2	DB_ReflectionDialog_Players	_GLOBAL_Shared_ReflectionDialog.txt:233
2	DB_SelectedMove	__PROC.txt:1099
2	DB_SetCompanionAttitude	_GLO_Shared_Origins.txt:526
2	DB_SetNeutralToPlayerGroupAfterDialog	_Greevers_Little_Helpers.txt:970
2	DB_ShovelArea	GLO_BidirShovelTunnel.txt:16
2	DB_ShovelRewardItemSpawn	GLO_BidirShovelTunnel.txt:18
2	DB_SneakyTriggersCounter	_AdvancedSneakTriggerSpotter.txt:21
2	DB_StatusReactingToPlayer	_CRIME_CrimeTriggers.txt:3403
2	DB_StoppedDialog	_CRIME_CrimeTriggers.txt:3648
2	DB_StoryMoving	__PROC.txt:1052
2	DB_TempIsInOtherDialog	__PROC.txt:495
2	DB_TempRequested	__PROC.txt:264
2	DB_TraderGeneratedTreasureForLevel	_Trade.txt:33
2	DB_TransferMoneyInDialog_Succeeded	_GLOBAL_ItemEvents.txt:439
2	DB_TriggerUnregisteredForUserChar	_Greevers_Little_Helpers.txt:662
2	DB_WaypointUnlocked	_Waypoints.txt:66
2	ExecuteDeal	_Trade.txt:230
2	GenTradeItems	_CRIME_CrimeTriggers.txt:2866
2	GetHealStat	__PROC.txt:1525
2	GetStatusType	__PROC.txt:1523
2	IntegerDivide	_Trade.txt:265
2	IntegerMin	_Trade.txt:259
2	ItemClearOwner	_CRIME_ItemOwnership.txt:40
2	ItemCreateAtTrigger	_Global_Procedure.txt:401
2	ItemIsDestructible	_CRIME_CrimeTriggers.txt:3159
2	ItemIsInUserInventory	_GLOBAL_ItemEvents.txt:126
2	ItemTemplateRemoveFromUser	_GLOBAL_ItemEvents.txt:176
2	IterateUsers	Z_Shared_CharacterCreation.txt:146
2	LeaveParty	_GLO_Shared_PartyMembers.txt:461
2	LockSecretRegion	_Global_Procedure.txt:413
2	ObjectClearDialogFlag	_GLOBAL_Shared_PartyDecisionDialogs.txt:136
2	ObjectGetFlag	_GLOBAL_ItemEvents.txt:361
2	ObjectIsItem	QRY_Characters.txt:24
2	OpenMessageBox	_GLOBAL_TutorialMessages.txt:69
2	OpenWaypointUI	_Waypoints.txt:264
2	PartyClearFlag	GLO_Arena.txt:73
2	ProcAddDebugCharToParty	GLO_PartyPresets.txt:100
2	ProcAddGoldToMagicPockets	_GLOBAL_ItemEvents.txt:437
2	ProcAddToCharacterCombatList	__Combat.txt:40
2	ProcAssignCharacterToPlayer	GLO_PartyPresets.txt:152
2	ProcBidirShovelTunnelOpenedOnSide	GLO_BidirShovelTunnel.txt:33
2	ProcCharInTriggerSpotted	_AdvancedSneakTriggerSpotter.txt:53
2	ProcCharInTriggerSpottedByChar	_AdvancedSneakTriggerSpotter.txt:54
2	ProcCharacterEnableAllCrimes	_CRIME_CrimeTriggers.txt:323
2	ProcCharacterRegisterCrime	GLO_Checkpoints.txt:164
2	ProcCharacterRegisterCrimeHandleIgnoresAfter	_CRIME_CrimeTriggers.txt:275
2	ProcCharacterRegisterCrimeHandleIgnoresBefore	_CRIME_CrimeTriggers.txt:183
2	ProcCharacterStopFollow	__PROC.txt:36
2	ProcCheckAdjustAttitude	_CRIME_CrimeTriggers.txt:2202
2	ProcCheckRemoveExplorationZone	__GLOBAL_ExplorationBonus.txt:20
2	ProcCheckSetRegionMarker	_GLOBAL_Subregions.txt:23
2	ProcClearADRequests	__PROC.txt:777
2	ProcClearAutomatedDialog	ZZZ_LastGoal.txt:19
2	ProcClearCounterCombatID	_Global_Procedure.txt:72
2	ProcClearDialogCounts	ZZZ_LastGoal.txt:12
2	ProcClearDialogFlagsForNPCs	_AAA_FirstGoal.txt:62
2	ProcClearDialogFlagsForPlayers	_AAA_FirstGoal.txt:61
2	ProcClearDialogNPCs	ZZZ_LastGoal.txt:11
2	ProcClearDialogPlayers	ZZZ_LastGoal.txt:10
2	ProcClearMovingFacts	GLO_Follower.txt:17
2	ProcClearNPCIfNotInOtherDialog	ZZZ_LastGoal.txt:58
2	ProcClearOldTopOfStack	_Greevers_Little_Helpers.txt:56
2	ProcClearPlayerIfNotInOtherDialog	ZZZ_LastGoal.txt:50
2	ProcCrimeAppearOutOfSightChecks	_CRIME_CrimeTriggers.txt:2357
2	ProcCrimeCheckCrimeTypeForFlags	_CRIME_CrimeTriggers.txt:389
2	ProcCrimeCheckIfPlayersWeaponsOut	_CRIME_CrimeTriggers.txt:3103
2	ProcCrimeCheckStartedWarning	_CRIME_CrimeTriggers.txt:392
2	ProcCrimeFailedToInterruptStoryDialog	_CRIME_CrimeTriggers.txt:613
2	ProcCrimeForbiddenItemGetEvidence	_CRIME_CrimeTriggers.txt:4202
2	ProcCrimePerformArrest	_CRIME_Prison.txt:120
2	ProcCrimeRegisterAssault	_CRIME_CrimeTriggers.txt:1950
2	ProcCrimeRegisterItemDestroy	_CRIME_CrimeTriggers.txt:3367
2	ProcCrimeSetupNullWarningCriminals	_CRIME_CrimeTriggers.txt:520
2	ProcCrimeSetupWarning	_CRIME_CrimeTriggers.txt:390
2	ProcCrimeStartArrest	_CRIME_Prison.txt:104
2	ProcCrimeStartArrestInterrogation	_CRIME_Prison.txt:338
2	ProcCrimeStopForbiddenItem	_CRIME_CrimeTriggers.txt:4222
2	ProcCrimeTryRegisteringUseForbiddenItem	_CRIME_CrimeTriggers.txt:3952
2	ProcCrimeVandaliseCheckVandal	_CRIME_CrimeTriggers.txt:3196
2	ProcCrimeWarningTryStopDialogs	_CRIME_CrimeTriggers.txt:391
2	ProcDoStartInterrogationDialog	_CRIME_CrimeTriggers.txt:1030
2	ProcExecuteMove	__PROC.txt:1051
2	ProcGenerateTradeTreasure	_Trade.txt:89
2	ProcGetInvolveNPC	_AAA_FirstGoal.txt:169
2	ProcGetInvolvePlayer	_AAA_FirstGoal.txt:184
2	ProcHandleCrimeDialog	_CRIME_CrimeTriggers.txt:3735
2	ProcIncreaseCounter	_GLOBAL_Shared_ReflectionDialog.txt:433
2	ProcInternalMoveDisableGenericBehaviours	__PROC.txt:1049
2	ProcMigrateQuest	_Global_JournalHelper.txt:148
2	ProcOneShotTriggerEntered	_AAA_FirstGoal.txt:630
2	ProcPlayTut	__PROC.txt:896
2	ProcRemoveCounter	_GLOBAL_Shared_ReflectionDialog.txt:460
2	ProcRemoveExternalDialogEntry	__PROC.txt:331
2	ProcRemoveInternalDialogEntries	__PROC.txt:330
2	ProcRemovePreviousSelectedCharacter	Z_Shared_CharacterCreation.txt:200
2	ProcRestorePlayerToBeforeReflectionDialog	_GLOBAL_Shared_ReflectionDialog.txt:146
2	ProcResumeDisappearOutOfSight	__PROC.txt:1453
2	ProcResumeStoryMoving	__PROC.txt:1192
2	ProcSaveGenericBehaviourState	__PROC.txt:1048
2	ProcSetMoveEvent	__PROC.txt:1050
2	ProcSetNumberOfInvolvedActors	ZZZ_LastGoal.txt:63
2	ProcSetRelationToPlayers	_GLO_Shared_Origins.txt:390
2	ProcSetUserAlign	_PlayerAlignments.txt:146
2	ProcShareQuestFlag	_Global_JournalHelper.txt:272
2	ProcShareQuestsWithParty	_Global_JournalHelper.txt:155
2	ProcShovelRewards	GLO_BidirShovelTunnel.txt:56
2	ProcStartArrest	_CRIME_Prison.txt:174
2	ProcStartCrimeDialog	_CRIME_CrimeTriggers.txt:3700
2	ProcStopOriginIntroduction	_GLO_Shared_Origins.txt:910
2	ProcStoreFightMode	_CRIME_CrimeTriggers.txt:3090
2	ProcTryClearAvatarTag	GLO_PartyPresets.txt:71
2	Proc_ArenaSavegameLoaded_CheckForPvpPlayers	GLO_Arena.txt:1200
2	Proc_Arena_ClearFlagsAndDatabases	GLO_Arena.txt:551
2	Proc_Arena_LastManStandingTeams_Reassigned	GLO_Arena.txt:1248
2	Proc_Arena_LastManStanding_CheckWinCondition	GLO_Arena_LMS.txt:429
2	Proc_Arena_LastManStanding_SetDialogWinner	GLO_Arena_LMS.txt:263
2	Proc_Arena_NonLethalCombatEnded	GLO_Arena.txt:720
2	Proc_Arena_SetChampionTag	GLO_Arena.txt:832
2	Proc_CameraShakeAroundCharacter	_Greevers_Little_Helpers.txt:1112
2	Proc_CharacterFullRestore	GLO_Arena.txt:744
2	Proc_CompanionLeftParty	_GLO_Shared_Origins.txt:191
2	Proc_Dialogs_CharactersHaveMetInThisShape	__GLOBAL_Dialogs.txt:36
2	Proc_GLO_Origins_MaybeSetDefaultDialog	_GLO_Shared_Origins.txt:91
2	Proc_ItemEvents_DialogMoneyTransfer_New	_GLOBAL_ItemEvents.txt:408
2	Proc_ItemEvents_ItemTemplateScriptFlag_New	_GLOBAL_ItemEvents.txt:805
2	Proc_JDF_CycleProtection	_Global_JournalHelper.txt:855
2	Proc_PartyDecisionDialog_Phase1_NextPlayer	_GLOBAL_Shared_PartyDecisionDialogs.txt:163
2	Proc_PyramidCustomBlockAdd	_Global_Homestead.txt:46
2	Proc_PyramidCustomBlockRemove	_Global_Homestead.txt:64
2	Proc_SeedFairRand	_Greevers_Little_Helpers.txt:398
2	Proc_TeleportSmoke	_CRIME_Prison.txt:144
2	Proc_Test_RelationshipDialog_Queue	_GLOBAL_Shared_RelationshipDialogs.txt:47
2	QRY_CRIME_CrimeTriggers_IsCrimeFamilyMember	_CRIME_CrimeTriggers.txt:149
2	QRY_CanShareUpdate	_Global_JournalHelper.txt:370
2	QRY_Crime_ItemHasHPorIndestructible	_CRIME_CrimeTriggers.txt:3157
2	QRY_GLOBAL_Shapeshifting_GetPolymorphStatus_Fallback	_CRIME_CrimeBribes.txt:30
2	QRY_GLO_KilledEvent_WasEnemy	_Greevers_Little_Helpers.txt:1757
2	QRY_GLO_LVHub_PlayerChests_PlayerCanAccessChest	_GLO_Homestead_PlayerChests.txt:273
2	QRY_GetAttitudeChangeForTrade	_Trade.txt:242
2	QRY_GetClosestAvailableCharacterTo_ClearFacts	__PROC.txt:1327
2	QRY_HasInteractionDisabled	QRY_Characters.txt:58
2	QRY_HasMagicPocketsOwnershipFlag	_GLOBAL_ItemEvents.txt:348
2	QRY_Helper_GetAnyRandomPositionInArea	_Greevers_Little_Helpers.txt:502
2	QRY_IsHealingStatus	__PROC.txt:1519
2	QRY_IsSummonOrPartyFollower	GLO_Follower.txt:274
2	QRY_JDF_PremiseMet	_Global_JournalHelper.txt:799
2	QRY_OriginRelationModify_Reset	_GLO_Shared_Origins.txt:502
2	QRY_Origin_GetRecruitmentDialog	_GLO_Shared_Origins.txt:123
2	QRY_PlayLoopEffect	_GLOBAL_Effects.txt:43
2	QRY_ReflectionDialog_ShouldCollect	_GLOBAL_Shared_ReflectionDialog.txt:263
2	QRY_ShouldShareQuest	_Global_JournalHelper.txt:333
2	QryCanSeeAttackers	__PROC.txt:1405
2	QryCheckforVandaliseTags	_CRIME_CrimeTriggers.txt:3255
2	QryCrimeAssailantIsNotSummon	_CRIME_CrimeTriggers.txt:828
2	QryCrimeIsValidItemRequest	_CRIME_CrimeTriggers.txt:4287
2	QryCrimeIsVandalismWithTension	_CRIME_CrimeTriggers.txt:430
2	QryCrimeKillerVictimWereInSameCombat	_CRIME_CrimeTriggers.txt:2480
2	QryCrimeMurderGetCrimeTypeCustom	_CRIME_CrimeTriggers.txt:2507
2	QryDoNeutralAttackWarning	_CRIME_CrimeTriggers.txt:1795
2	QryNPCCaresAboutVictim	_CRIME_CrimeTriggers.txt:3455
2	QryShouldTriggerVandaliseCrime	_CRIME_CrimeTriggers.txt:3264
2	Qry_AreInCombat	_CRIME_CrimeTriggers.txt:1811
2	Qry_Arena_InNonLethalArena	GLO_Arena.txt:692
2	QuestAdd	_Global_JournalHelper.txt:71
2	ReactOnKillCounter	_Global_Procedure.txt:162
2	SelectAndStartDialog	__GLOBAL_Dialogs.txt:665
2	SetStoryNpc	_Story Npcs.txt:25
2	ShowMapMarker	_Global.txt:61
2	ShowTutorial	_GLOBAL_TutorialMessages.txt:62
2	ShroudRender	_Shroud.txt:13
2	StartTrade	_Trade.txt:198
2	TimerCancel	_GLOBAL_Shared_ReflectionDialog.txt:139
2	UserRemoveTaggedLocalItems	_GLOBAL_ItemEvents.txt:158
1	ApplyDamage	__PROC.txt:1587
1	CharacterAddExplorationExperience	__GLOBAL_ExplorationBonus.txt:34
1	CharacterAddSkill	_Greevers_Little_Helpers.txt:171
1	CharacterAddTalent	GLO_Arena.txt:752
1	CharacterAddToParty	_GLO_Shared_PartyMembers.txt:473
1	CharacterAppear	__GLO_Shovel.txt:181
1	CharacterAppearAtPositionOutOfSightTo	_CRIME_CrimeTriggers.txt:2457
1	CharacterAttachToGroup	GLO_PartyPresets.txt:159
1	CharacterClearTradeGeneratedItems	_Trade.txt:98
1	CharacterDieImmediate	__PROC.txt:1602
1	CharacterDisappearOutOfSightToObject	__PROC.txt:1402
1	CharacterFreeze	_Global.txt:75
1	CharacterGetHostCharacter	_GLO_Homestead_PlayerChests.txt:277
1	CharacterGetLevel	_Trade.txt:257
1	CharacterGiveQuestReward	_Global_JournalHelper.txt:746
1	CharacterGiveReward	__PROC.txt:11
1	CharacterHasTalent	QRY_Characters.txt:177
1	CharacterIsAlly	_CRIME_CrimeTriggers.txt:3484
1	CharacterIsPartyFollower	GLO_Follower.txt:283
1	CharacterIsPartyMember	_CRIME_CrimeTriggers.txt:3016
1	CharacterIsPolymorphInteractionDisabled	QRY_Characters.txt:62
1	CharacterLevelUp	GLO_Follower.txt:271
1	CharacterOriginIntroStopped	_GLO_Shared_Origins.txt:915
1	CharacterPickupItem	_GLOBAL_ItemEvents.txt:919
1	CharacterRecruitCharacter	_GLO_Shared_PartyMembers.txt:133
1	CharacterRemoveFromParty	_GLO_Shared_PartyMembers.txt:240
1	CharacterRemoveSummons	GLO_Arena.txt:925
1	CharacterRemoveTension	_CRIME_Prison.txt:150
1	CharacterReservePolymorphShape	_GLOBAL_Shared_Shapeshifting.txt:165
1	CharacterResetCooldowns	_Greevers_Little_Helpers.txt:1068
1	CharacterSetArmorPercentage	_Greevers_Little_Helpers.txt:1066
1	CharacterSetCorpseLootable	_GLO_Shared_Origins.txt:653
1	CharacterSetMagicArmorPercentage	_Greevers_Little_Helpers.txt:1067
1	CharacterStopAllEffectsWithName	__Start.txt:19
1	CharacterTeleportPartiesToTrigger	Z_Shared_CharacterCreation.txt:361
1	CharacterTeleportPartiesToTriggerWithMovie	Z_Shared_CharacterCreation.txt:354
1	CharacterUnfreeze	_Global.txt:82
1	CheckItemCounter	_Global_Procedure.txt:231
1	ClearDB_ItemDestroyCounter_Internal	_Global_Procedure.txt:217
1	ClearVarObject	_CRIME_CrimeTriggers.txt:552
1	CombatGetIDForCharacter	_CRIME_CrimeTriggers.txt:3594
1	CreateSurface	__GLO_Shovel.txt:216
1	CrimeAddCriminal	_CRIME_CrimeTriggers.txt:1511
1	CrimeResetInterrogationForCriminals	_CRIME_CrimeTriggers.txt:979
1	DB_ActivePlayerMarker	_Global.txt:60
1	DB_AddCharactersInTriggerToDialog_ID	_Greevers_Little_Helpers.txt:1832
1	DB_AlreadyTeleported	Z_Shared_CharacterCreation.txt:339
1	DB_AnimTestLoopingAnimation	_Greevers_Little_Helpers.txt:1331
1	DB_ArenaMaster_CheckOtherPlayers_Initiated	GLO_Arena.txt:57
1	DB_ArenaMaster_SetUp	GLO_Arena.txt:42
1	DB_ArenaPresets_Mobs	GLO_Arena.txt:696
1	DB_Arena_AvailablePlayer	GLO_Arena.txt:198
1	DB_Arena_AvailablePlayer_SetDialogVar	GLO_Arena.txt:197
1	DB_Arena_CharWasAlive	GLO_Arena.txt:608
1	DB_Arena_LastManStanding_NoWin	GLO_Arena_LMS.txt:460
1	DB_Arena_MobParticipants	GLO_Arena.txt:404
1	DB_Arena_PlayerParticipants_SameUser	GLO_Arena.txt:441
1	DB_Arena_PreviousLocation	GLO_Arena.txt:586
1	DB_Arena_PvpChallenge	GLO_Arena.txt:35
1	DB_ArrestAfterDialog	_CRIME_Prison.txt:56
1	DB_ArrestDialog	_CRIME_Prison.txt:61
1	DB_Arresting	_CRIME_Prison.txt:203
1	DB_AtLeastOneWayPointUnlockedFor	_Waypoints.txt:61
1	DB_AttackOnAssault	_CRIME_CrimeTriggers.txt:3435
1	DB_AttackTimer	_CRIME_CrimeTriggers.txt:1851
1	DB_AutoSaveTrigger	_Global_Autosave.txt:57
1	DB_AutomatedDialogIsVB	_AAA_FirstGoal.txt:94
1	DB_AvailableDummy	Z_Shared_CharacterCreation.txt:212
1	DB_AwaitingBodypartDialog	_GLOBAL_ItemEvents.txt:91
1	DB_BlockOwnershipChecks	_GLO_Shared_PartyMembers.txt:785
1	DB_BlockStoryItemTransfer	_GLO_Shared_PartyMembers.txt:771
1	DB_BlockWaypointUsage	_Waypoints.txt:154
1	DB_CRIME_CrimeBribes_Bribed	_CRIME_CrimeBribes.txt:275
1	DB_CRIME_CrimeInvestigationPos	_CRIME_CrimeTriggers.txt:2152
1	DB_CRIME_CrimeLocationScoreIncrease	_CRIME_CrimeTriggers.txt:2017
1	DB_CRIME_CrimeLocationScore_GoToAttackerThreshold	_CRIME_CrimeTriggers.txt:2053
1	DB_CRIME_MurderType	_CRIME_CrimeTriggers.txt:2538
1	DB_CRIME_PlayerInDialogTeleportedTooFar	_CRIME_CrimeTriggers.txt:1654
1	DB_CRIME_ZeroTensionFlee	_CRIME_CrimeTriggers.txt:4583
1	DB_CameraShakeAroundCharacter	_Greevers_Little_Helpers.txt:1100
1	DB_CanMergeCrimes	_CRIME_CrimeTriggers.txt:1461
1	DB_CharacterAllCrimesDisabled	_CRIME_CrimeTriggers.txt:335
1	DB_CharacterDieAfterDialog	_Greevers_Little_Helpers.txt:1049
1	DB_CharacterGenerateCustomTradeTreasure	_Trade.txt:119
1	DB_CharacterMoveToAndTalk_CharacerIsMoving	_Global_RunUpAndChat.txt:30
1	DB_CharacterMoveToAndTalk_CheckForFallBackCharacters	_Global_RunUpAndChat.txt:31
1	DB_CharacterSkipTurn	_Greevers_Little_Helpers.txt:717
1	DB_CheckDoNotFace	__PROC.txt:84
1	DB_CheckWeaponsDrawnCrime	_CRIME_CrimeTriggers.txt:3138
1	DB_CheckedUser	_GLOBAL_ItemEvents.txt:748
1	DB_ChosenOriginWaitingForTeleport	Z_Shared_CharacterCreation.txt:419
1	DB_ClearTagAfterCombat	_Greevers_Little_Helpers.txt:2251
1	DB_ClosestAvailableCharacterTo	__PROC.txt:1341
1	DB_CompanionAvatarBond	_GLO_Shared_Origins.txt:279
1	DB_CompanionLeavingBackPack	_GLO_Shared_PartyMembers.txt:878
1	DB_CouldTrade	__GLOBAL_Dialogs.txt:754
1	DB_CounterCombatID	_Global_Procedure.txt:73
1	DB_CrimeArrestCallingGuards	_CRIME_Prison.txt:570
1	DB_CrimeAttitudeChange	_CRIME_CrimeTriggers.txt:4574
1	DB_CrimeBribeSource	_CRIME_CrimeBribes.txt:293
1	DB_CrimeBribesDisabledBribe	_CRIME_CrimeBribes.txt:202
1	DB_CrimeBribes_GetBribe	_CRIME_CrimeBribes.txt:185
1	DB_CrimeBribes_GetBribe_NPC	_CRIME_CrimeBribes.txt:171
1	DB_CrimeBribes_SevereCrimes	_CRIME_CrimeBribes.txt:51
1	DB_CrimeDialogStartFailed	_CRIME_CrimeTriggers.txt:717
1	DB_CrimeMurderCreated	_CRIME_CrimeTriggers.txt:2601
1	DB_CrimeNeverEverSet__INVALID	_CRIME_CrimeTriggers.txt:2509
1	DB_CrimeReaction_DoNotInterrogate	_GLOBAL_Children.txt:13
1	DB_CrimeReaction_DoNotWarn2	_CRIME_CrimeTriggers.txt:369
1	DB_CrimeTeleportOutOfTrespass	_CRIME_CrimeTriggers.txt:1364
1	DB_CrimeTresPassCombatFallback	_CRIME_CrimeTriggers.txt:1490
1	DB_CrimeTrespassingBlockHostile	_CRIME_CrimeTriggers.txt:1548
1	DB_CrimeWarner	_CRIME_CrimeTriggers.txt:3734
1	DB_CrimeWarningIsAD	_CRIME_CrimeTriggers.txt:4604
1	DB_Crime_CallingGuards	_CRIME_CrimeTriggers.txt:1135
1	DB_Crime_CheckInterrogate	_CRIME_CrimeTriggers.txt:4539
1	DB_Crime_CombatAfterDialog	_CRIME_CrimeTriggers.txt:1091
1	DB_Crime_FailedToInterruptStoryDialogs	_CRIME_CrimeTriggers.txt:3755
1	DB_Crime_FleeCallforHelp	_CRIME_CrimeTriggers.txt:1187
1	DB_Crime_ItemDestroyed	_CRIME_CrimeTriggers.txt:3389
1	DB_Crime_PolymorphedIgnoreAssault	_CRIME_CrimeTriggers.txt:1615
1	DB_Crime_WarningAD_Target	_CRIME_CrimeTriggers.txt:3744
1	DB_CurrentGameMode	_AAA_FirstGoal.txt:52
1	DB_DebugPreviousRegion	GLO_PartyPresets.txt:218
1	DB_DebugProfileChar	GLO_PartyPresets.txt:30
1	DB_DialogNumNPCs	_AAA_FirstGoal.txt:164
1	DB_DialogNumPlayers	_AAA_FirstGoal.txt:163
1	DB_ExplorationZoneStillOpen	__GLOBAL_ExplorationBonus.txt:50
1	DB_FightModeState	_CRIME_CrimeTriggers.txt:3057
1	DB_FollowerOwners	GLO_Follower.txt:25
1	DB_Following	__PROC.txt:37
1	DB_FoodGiven	__GLOBAL_Dialogs.txt:567
1	DB_GEB_AppearOutOfSight_AlivePlayerFound	_CRIME_CrimeTriggers.txt:2413
1	DB_GEB_FledOutOfSight	_CRIME_CrimeTriggers.txt:2280
1	DB_GEB_NPCAppearAfterCombat	_CRIME_CrimeTriggers.txt:2384
1	DB_GEB_NPCAppearAfterDialog	_CRIME_CrimeTriggers.txt:2406
1	DB_GEN_CreatePortalAndLeave	_Greevers_Little_Helpers.txt:1910
1	DB_GLOBAL_TutorialMessages_MovementTutFinishedFor	_GLOBAL_TutorialMessages_MovementDetection.txt:28
1	DB_GLOBAL_TutorialMessages_MovementTutUnfinished	_GLOBAL_TutorialMessages_MovementDetection.txt:37
1	DB_GLO_Attribute_Check_Internal	_Greevers_Little_Helpers.txt:1506
1	DB_GLO_CharacterAnimationForDialog	_Global_CharacterAnimations.txt:403
1	DB_GLO_LVHub_PlayerChests_InitialAssignment	_GLO_Homestead_PlayerChests.txt:57
1	DB_GLO_LVHub_PlayerChests_UserChangeDuringInit	_GLO_Homestead_PlayerChests.txt:107
1	DB_GLO_OriginsFoundTagPriorityPlayer	__GLOBAL_Dialogs.txt:105
1	DB_GLO_PartyMembers_CollectDismissAll_Keep	_GLO_Shared_PartyMembers.txt:359
1	DB_GLO_PartyMembers_CollectDismissAll_MaybeKeep	_GLO_Shared_PartyMembers.txt:333
1	DB_GLO_PartyMembers_CollectDismissAll_OriginalOwningUserChar	_GLO_Shared_PartyMembers.txt:385
1	DB_GLO_PartyMembers_CollectDismissAll_RecruiteeAvatarBond	_GLO_Shared_PartyMembers.txt:370
1	DB_GLO_PartyMembers_Kick_BlockedReturnToRecruitmentPosition	_GLO_Shared_PartyMembers.txt:515
1	DB_GLO_PartyMembers_Kick_NewParty	_GLO_Shared_PartyMembers.txt:480
1	DB_GLO_PartyMembers_Kick_OldCompanionBond	_GLO_Shared_PartyMembers.txt:508
1	DB_GLO_PartyMembers_Kick_OrigState	_GLO_Shared_PartyMembers.txt:523
1	DB_GLO_PartyMembers_Kick_PartyMembers_UserLeft	_GLO_Shared_PartyMembers.txt:460
1	DB_GLO_PartyMembers_Kicked	_GLO_Shared_PartyMembers.txt:543
1	DB_GLO_PartyMembers_RecruitAfterDialog	_GLO_Shared_Origins.txt:147
1	DB_GLO_PartyMembers_RecruiteeAvatarBond	_GLO_Shared_PartyMembers.txt:164
1	DB_GLO_PartyMemebers_KickAvatar_RestoreHeroFactionRelationAfterDeath	_GLO_Shared_PartyMembers.txt:536
1	DB_GenericDialogTimers	_AAA_FirstGoal.txt:402
1	DB_GiveQuestRewardAfterDialog	_Global_JournalHelper.txt:731
1	DB_GlobalFlag	_Greevers_Little_Helpers.txt:324
1	DB_GlobalTutorialMessages_TUT_Movement_Shown	_GLOBAL_TutorialMessages_MovementDetection.txt:22
1	DB_GuardCaller	_CRIME_Prison.txt:600
1	DB_HandledMoveEvent	__PROC.txt:1188
1	DB_HandledRequest	_CRIME_CrimeTriggers.txt:3951
1	DB_HandlingRelationshipDialog	_GLOBAL_Shared_RelationshipDialogs.txt:83
1	DB_HasItemTemplateScriptFlag	_GLOBAL_ItemEvents.txt:800
1	DB_HiddenEquippedWeapon	_Greevers_Little_Helpers.txt:1638
1	DB_HiddenWall	__GLOBAL_HiddenWalls.txt:98
1	DB_HiddenWallCount	__GLOBAL_HiddenWalls.txt:97
1	DB_HideEquippedShield	_Greevers_Little_Helpers.txt:1646
1	DB_HostileAlignmentAfterDialog	_Greevers_Little_Helpers.txt:1033
1	DB_HostileAttitudeAfterDialog	_Greevers_Little_Helpers.txt:1017
1	DB_HostileToIndivPlayerAfterDialog	_Greevers_Little_Helpers.txt:818
1	DB_IRP_IncreaseInternalCount	__GLOBAL_ItemRotationPuzzles.txt:13
1	DB_IRP_Internal_Handles	__GLOBAL_ItemRotationPuzzles.txt:34
1	DB_IRP_Internal_IndexCount	__GLOBAL_ItemRotationPuzzles.txt:27
1	DB_IRP_Internal_Solutions	__GLOBAL_ItemRotationPuzzles.txt:15
1	DB_IgnoreDamageSources	_CRIME_CrimeTriggers.txt:1902
1	DB_InDebugSetup	GLO_PartyPresets.txt:188
1	DB_InOriginIntroduction	_GLO_Shared_Origins.txt:929
1	DB_InternalGroup_Count	__PROC.txt:135
1	DB_InterrogationRequested	_CRIME_CrimeTriggers.txt:934
1	DB_InventoryMessageQueued	_GLOBAL_TutorialMessages.txt:135
1	DB_IsArrested	_CRIME_Prison.txt:147
1	DB_IsStoryNpc	_Story Npcs.txt:20
1	DB_ItemDestroyCounterCounterDefined	_Global_Procedure.txt:239
1	DB_ItemsCleared	_Trade.txt:97
1	DB_JDF_CyclicCheck	_Global_JournalHelper.txt:875
1	DB_JoinedParty	_Greevers_Little_Helpers.txt:2157
1	DB_JournalIgnoreReservedChanged	_Global_JournalHelper.txt:125
1	DB_KillCounterCombatOver	_Global_Procedure.txt:182
1	DB_KillCounterCounterDefined	_Global_Procedure.txt:131
1	DB_KillCounterDied	_Global_Procedure.txt:109
1	DB_KillCounter_Internal	_Global_Procedure.txt:121
1	DB_LastManInCombatKilledBy	_Global_Procedure.txt:97
1	DB_LinkedCrimes	_CRIME_CrimeTriggers.txt:158
1	DB_LizardFirstShovelUses	__GLO_Shovel.txt:157
1	DB_LoopEffectDisabledInCombat	_GLOBAL_Effects.txt:326
1	DB_MagicPocketsItemTemplateCount	_GLOBAL_ItemEvents.txt:73
1	DB_ManualTradeNPC	_Trade.txt:362
1	DB_MigratedNewPartyFlags	_Global_JournalHelper.txt:172
1	DB_MoveCrimeRegistered	_CRIME_CrimeTriggers.txt:3822
1	DB_MoviePlayed	__PROC.txt:1307
1	DB_MysterPrefixed	_Global_JournalHelper.txt:330
1	DB_NPCDrawForCrimial	_CRIME_CrimeTriggers.txt:3038
1	DB_NeutralTagIgnore	_CRIME_CrimeTriggers.txt:1681
1	DB_NoLowAttitudeDialog	_GLO_Shared_PartyMembers.txt:857
1	DB_ObjectStoryInvulnerable	__PROC.txt:468
1	DB_ObjectTimer	__PROC.txt:860
1	DB_OneShotPlayerOnlyTrigger	__OneshotDialogs.txt:10
1	DB_OneShot_BusyNPC	__OneshotDialogs.txt:55
1	DB_OriginInPartyDialog	_GLO_Shared_Origins.txt:43
1	DB_OriginRecruitmentDialog	_GLO_Shared_Origins.txt:138
1	DB_OriginRecruitmentDialog_Region	_GLO_Shared_Origins.txt:129
1	DB_OriginRecruitmentLocation	_GLO_Shared_Origins.txt:68
1	DB_OtherPlayersSee	_AAA_FirstGoal.txt:239
1	DB_OwnershipTrigger	_CRIME_ItemOwnership.txt:33
1	DB_PROC_StartDialog_WithVisibleTag_AddPlayers	_Greevers_Little_Helpers.txt:2035
1	DB_PartyDecisionDialog_DualDialogInstance	_GLOBAL_Shared_PartyDecisionDialogs.txt:21
1	DB_PartyDecisionDialog_Outcome	_GLOBAL_Shared_PartyDecisionDialogs.txt:145
1	DB_PartyDecisionDialog_UltimatumSet	_GLOBAL_Shared_PartyDecisionDialogs.txt:223
1	DB_PeaceTimerStillToStart	__PROC.txt:641
1	DB_PickedLeadToHelp	_CRIME_Prison.txt:602
1	DB_PickpocketFailedNoEvidenceRegistered	_CRIME_CrimeTriggers.txt:2986
1	DB_Pickpocketed	_CRIME_CrimeTriggers.txt:2892
1	DB_PlayerAlignments_BlockFix	_GLO_Shared_PartyMembers.txt:414
1	DB_PlayerEscapedPrison	_CRIME_Prison.txt:511
1	DB_PlayerInCombat	__PROC.txt:676
1	DB_PlayerTrespassing	_CRIME_CrimeTriggers.txt:1351
1	DB_PlayerTriggerToRegister	_AAA_FirstGoal.txt:265
1	DB_PlayerTriggerToRegisterForCharacter	_AAA_FirstGoal.txt:306
1	DB_PlayerTriggerToUnregister	_AAA_FirstGoal.txt:281
1	DB_PlayerTriggerToUnregisterForCharacter	_AAA_FirstGoal.txt:324
1	DB_PlayerTriggers	_AAA_FirstGoal.txt:257
1	DB_PreventTradeBetween	_Trade.txt:363
1	DB_PreviousAlignment	__PROC.txt:576
1	DB_ProcessedUser	_GLOBAL_ItemEvents.txt:543
1	DB_PyramidBlockerTrigger	_GLOBAL_TeleporterPyramids.txt:61
1	DB_PyramidCustomBlock	_GLOBAL_TeleporterPyramids.txt:76
1	DB_PyramidInBlockerTrigger	_GLOBAL_TeleporterPyramids.txt:220
1	DB_PyramidUsageBlocked	_GLOBAL_TeleporterPyramids.txt:37
1	DB_QuestDef_UpdateEvent	_Global_JournalHelper.txt:62
1	DB_QuestRewardGiven	_Global_JournalHelper.txt:756
1	DB_RanPartyDecisionDialog_Players	_GLOBAL_Shared_PartyDecisionDialogs.txt:183
1	DB_ReactingCharOutOfRegion	_CRIME_Prison.txt:376
1	DB_ReflectionDialog_Finished	_GLOBAL_Shared_ReflectionDialog.txt:337
1	DB_ReflectionDialog_InProgress	_GLOBAL_Shared_ReflectionDialog.txt:298
1	DB_ReflectionSavedDialog	_GLOBAL_Shared_ReflectionDialog.txt:186
1	DB_ReflectionWrapperStarted	_GLOBAL_Shared_ReflectionDialog.txt:289
1	DB_RelationshipDialog_Queue	_GLOBAL_Shared_RelationshipDialogs.txt:32
1	DB_RelationshipDialogsFinished	_GLOBAL_Shared_RelationshipDialogs.txt:157
1	DB_RemoveItemFromTemplate_InProgress	_GLOBAL_ItemEvents.txt:847
1	DB_ResetOriginAlignmentAfterCombat	_GLO_Shared_Origins.txt:391
1	DB_ResurrectionIdol_Timer	_Greevers_Little_Helpers.txt:2209
1	DB_SelectedCC	Z_Shared_CharacterCreation.txt:204
1	DB_SelectedStartOrigin	Z_Shared_CharacterCreation.txt:383
1	DB_SetOriginHostileAfterDialog	_GLO_Shared_Origins.txt:377
1	DB_SharedObjectFlags	__AAA_Shared_FirstGoal.txt:12
1	DB_SharedQuestLessFlag	_Global_JournalHelper.txt:796
1	DB_ShroudDisabled	_Shroud.txt:12
1	DB_StackInternalMember	_Greevers_Little_Helpers.txt:42
1	DB_Stack_UUID	_Greevers_Little_Helpers.txt:80
1	DB_StartTutMessages	_GLOBAL_TutorialMessages.txt:266
1	DB_StopInterrogationAfterDialog	_CRIME_Prison.txt:426
1	DB_StoppedOutOfSight	__PROC.txt:1443
1	DB_StoryItemsTransfered	_GLO_Shared_PartyMembers.txt:262
1	DB_StoryStarted	_InitGoal.txt:10
1	DB_TUT_OriginQuestStarts	_GLO_Shared_PartyMembers.txt:913
1	DB_TUT_PlayOnEasy	_GLOBAL_TutorialMessages.txt:334
1	DB_TaggedItemRecheck	_GLOBAL_ItemEvents.txt:592
1	DB_TargetQuestFlagState	_Global_JournalHelper.txt:429
1	DB_TeleportedToStartCharacters	Z_Shared_CharacterCreation.txt:346
1	DB_TeleporterPyramidUnlocked	_GLOBAL_TeleporterPyramids.txt:21
1	DB_TempItemOwnerShipTrigger	_CRIME_ItemOwnership.txt:32
1	DB_TestingCompanionQueue	_GLOBAL_Shared_RelationshipDialogs.txt:40
1	DB_Time	_AAA_FirstGoal.txt:462
1	DB_Timer_LoopCameraShakeHelper_StopSound	_PROC_AUDIO.txt:114
1	DB_TopOfStackObject	_Greevers_Little_Helpers.txt:89
1	DB_TreasureGenerated	_Trade.txt:120
1	DB_TrespassingCrimes	_CRIME_CrimeTriggers.txt:1273
1	DB_TriggerVandaliseInCombat	_CRIME_CrimeTriggers.txt:3273
1	DB_TutorialMessage	__PROC.txt:915
1	DB_TutorialMessage_CheckEndAutomatedDialog_SkillTut	_GLOBAL_TutorialMessages.txt:389
1	DB_TutorialMessage_CheckEndDialog_SkillTut	_GLOBAL_TutorialMessages.txt:378
1	DB_Tutorial_PlayerCameraTutorialTimerLaunched	_GLOBAL_TutorialMessages_MovementDetection.txt:71
1	DB_UndeadCharacter	_GLOBAL_Shared_Shapeshifting.txt:196
1	DB_UndeadRacePresets	_GLOBAL_Shared_Shapeshifting.txt:231
1	DB_UnregisterForUserIDChanged	_Greevers_Little_Helpers.txt:678
1	DB_UserAlign	_PlayerAlignments.txt:171
1	DB_WasInRegion	_AAA_FirstGoal.txt:535
1	DB_WaypointTuto	_GLOBAL_TutorialMessages.txt:238
1	DialogResume	_GLOBAL_Shared_ReflectionDialog.txt:338
1	DialogSetVariableTranslatedString	GLO_Arena.txt:210
1	DoStartTrade_1	_Trade.txt:157
1	EnablePyramid	_GLOBAL_TeleporterPyramids.txt:239
1	GenerateItems	_Trade.txt:127
1	GetDistanceToPosition	_CRIME_CrimeTriggers.txt:1646
1	GetRegion	_CRIME_CrimeTriggers.txt:3585
1	InitStory	__Start.txt:11
1	IntegerMax	_Trade.txt:269
1	IntegerModulo	_Greevers_Little_Helpers.txt:2150
1	IntegerProduct	_Trade.txt:267
1	InventoryLaunchIterator	_GLOBAL_ItemEvents.txt:299
1	InventoryLaunchTemplateIterator	_GLOBAL_ItemEvents.txt:337
1	ItemClose	__PROC.txt:712
1	ItemCloseAndLock	_CRIME_Prison.txt:491
1	ItemDragToTrigger	__GLO_Shovel.txt:174
1	ItemGetHealthPoints	_CRIME_CrimeTriggers.txt:3168
1	ItemGetOwner	_CRIME_CrimeTriggers.txt:4320
1	ItemIsDestroyed	QRY_Characters.txt:53
1	ItemIsTorch	_CRIME_CrimeTriggers.txt:3929
1	ItemLock	__PROC.txt:713
1	ItemOpen	__PROC.txt:719
1	ItemRotateToAngleY	_Greevers_Little_Helpers.txt:1924
1	ItemScatterAt	__GLO_Shovel.txt:226
1	ItemSetCanInteract	_Global_Homestead.txt:100
1	ItemSetForceSynch	_GLOBAL_TeleporterPyramids.txt:10
1	ItemSetOriginalOwner	_GLO_Shared_Origins.txt:745
1	ItemTemplateIsInCharacterInventory	_Greevers_Little_Helpers.txt:2241
1	ItemUnLock	__PROC.txt:718
1	LockWaypoint	_Waypoints.txt:96
1	MoviePlay	__PROC.txt:1308
1	NPCDialogStartRequested	__GLOBAL_Dialogs.txt:784
1	NewHour	_AAA_FirstGoal.txt:430
1	NotifyCharacterCreationFinished	ZZZ_LastGoal.txt:93
1	ObjectExists	QRY_Characters.txt:22
1	ObjectSetDialogFlag	_GLOBAL_Shared_PartyDecisionDialogs.txt:148
1	ObjectShareFlag	_Global_JournalHelper.txt:292
1	PartyGetFlag	GLO_Checkpoints.txt:136
1	PlayLoopEffect	_GLOBAL_Effects.txt:49
1	PlayLoopEffectAtPosition	_GLOBAL_Effects.txt:60
1	ProcActivateMystery	_Global_JournalHelper.txt:93
1	ProcActivateSharedQuest	_Global_JournalHelper.txt:315
1	ProcAddActorToDialogList	_AAA_FirstGoal.txt:87
1	ProcAddXPToParty	__GLOBAL_ExplorationBonus.txt:19
1	ProcAppearOutOfSight_DeadClosestPlayer	_CRIME_CrimeTriggers.txt:2393
1	ProcBlockLockpickItem	_CRIME_CrimeTriggers.txt:3871
1	ProcBlockMoveOfItem	_CRIME_CrimeTriggers.txt:3859
1	ProcBlockPickupOfItem	_CRIME_CrimeTriggers.txt:3865
1	ProcBlockUseOfItem	_CRIME_CrimeTriggers.txt:3852
1	ProcCharSpottedByChar	_AdvancedSneakTriggerSpotter.txt:42
1	ProcCharacterDisableCrime	_CRIME_CrimeTriggers.txt:318
1	ProcCharacterDisappearOutOfSightToObject	GLO_Follower.txt:64
1	ProcCharacterMoveTo	_GLO_Shared_Origins.txt:236
1	ProcCharacterMoveToAndTalk	_Global_RunUpAndChat.txt:10
1	ProcCheckBodyPartDialog	_GLOBAL_ItemEvents.txt:86
1	ProcCheckCombatFollow	__PROC.txt:38
1	ProcCheckCounterCombatOver	_Global_Procedure.txt:140
1	ProcCheckDefaultQuestAdd	_Global_JournalHelper.txt:60
1	ProcCheckDefaultQuestClose	_Global_JournalHelper.txt:61
1	ProcCheckIfNPCsBusy	__OneshotDialogs.txt:174
1	ProcCheckInterrogationDone	_CRIME_CrimeTriggers.txt:1157
1	ProcCheckInventoriesForTag	_GLOBAL_ItemEvents.txt:629
1	ProcCheckInventoryTutorial	_GLOBAL_TutorialMessages.txt:121
1	ProcCheckItemTags	_GLOBAL_ItemEvents.txt:600
1	ProcCheckLastReflectionPlayer	_GLOBAL_Shared_ReflectionDialog.txt:369
1	ProcCheckMigrateQuestAddFlag	_Global_JournalHelper.txt:74
1	ProcCheckRegisterAssault	_CRIME_CrimeTriggers.txt:2154
1	ProcCheckRestoreGenericBehaviours	__PROC.txt:1191
1	ProcCleanUpSneakTrigger	_Global_Procedure.txt:267
1	ProcClearCombatOverDB	_Global_Procedure.txt:148
1	ProcClearCounterDB	_Global_Procedure.txt:36
1	ProcClearGeneratedItems	_Trade.txt:118
1	ProcClearLastTradeTime	_Trade.txt:103
1	ProcClearOneShotADCount	__OneshotDialogs.txt:259
1	ProcClearOneShotADSpeakers	__OneshotDialogs.txt:260
1	ProcClearOneShotCount	__OneshotDialogs.txt:150
1	ProcClearOneShotSpeakers	__OneshotDialogs.txt:151
1	ProcClearPreviousCombat	__Combat.txt:38
1	ProcCounterDecreased	_Global_Counter.txt:55
1	ProcCounterIncreased	_Global_Counter.txt:34
1	ProcCrimeBribedGuards	_CRIME_CrimeBribes.txt:287
1	ProcCrimeCheckInterrogationDialog	_CRIME_CrimeTriggers.txt:944
1	ProcCrimeCheckInterrogationDialogSucceeded	_CRIME_CrimeTriggers.txt:1050
1	ProcCrimeDoPerformArrest	_CRIME_Prison.txt:111
1	ProcCrimeHandleEvidence	_CRIME_Prison.txt:74
1	ProcCrimeItemDestroyCheckVandal	_CRIME_CrimeTriggers.txt:3354
1	ProcCrimeMurderMaybeMakeSilentWitness	_CRIME_CrimeTriggers.txt:2702
1	ProcCrimeOnCustomSensibleAction	_CRIME_CrimeTriggers.txt:4529
1	ProcCrimePickpocketFailedFlow	_CRIME_CrimeTriggers.txt:2954
1	ProcCrimeRegisterUseForbiddenItem	_CRIME_CrimeTriggers.txt:4186
1	ProcCrimeSetCustomPrimarySensibleAction	_CRIME_CrimeTriggers.txt:4401
1	ProcCrimeSetCustomSecondarySensibleAction	_CRIME_CrimeTriggers.txt:4402
1	ProcCrimeStartRegionArrestInterrogation	_CRIME_Prison.txt:331
1	ProcCrimeStartRegionArrestInterrogation_SubActions	_CRIME_Prison.txt:385
1	ProcCrimeTeleportCharacterToPrison	_CRIME_Prison.txt:136
1	ProcCrimeTrespassingBlockHostileFallback	_CRIME_CrimeTriggers.txt:1428
1	ProcCrimeTrespassingCheckValidLead	_CRIME_CrimeTriggers.txt:1407
1	ProcCrimeTrespassingStopNPCsDialogAndMakeHostileTo	_CRIME_CrimeTriggers.txt:1408
1	ProcCrimeTryForceStopDialog	_CRIME_CrimeTriggers.txt:1675
1	ProcCrimeTryRegisteringMoveForbiddenItem	_CRIME_CrimeTriggers.txt:3982
1	ProcCrimeTryRegisteringStealItem	_CRIME_CrimeTriggers.txt:3996
1	ProcCrimeVandaliseCheckOwner	_CRIME_CrimeTriggers.txt:3185
1	ProcDebugGiveGlobalFlags	GLO_PartyPresets.txt:192
1	ProcDebugGiveObjectFlags	GLO_PartyPresets.txt:194
1	ProcDebugGivePlayerCharacterFlags	GLO_PartyPresets.txt:193
1	ProcDebugGiveTag	GLO_PartyPresets.txt:239
1	ProcDebugGiveTags	GLO_PartyPresets.txt:191
1	ProcDebugRemoveGlobalFlags	GLO_PartyPresets.txt:205
1	ProcDebugRemoveObjectFlags	GLO_PartyPresets.txt:203
1	ProcDebugRemovePlayerCharacterFlags	GLO_PartyPresets.txt:204
1	ProcDebugRemoveTags	GLO_PartyPresets.txt:206
1	ProcDebugResetPreviousRegion	GLO_PartyPresets.txt:189
1	ProcDebugSetCurrentRegion	GLO_PartyPresets.txt:190
1	ProcDeclareCounter	_GLOBAL_Shared_ReflectionDialog.txt:424
1	ProcDecreaseCounter	_Global_Counter.txt:44
1	ProcDefineReflectionDialogIfPlayersAvailable	_GLOBAL_Shared_ReflectionDialog.txt:34
1	ProcDoCrimeCheckAssailant	_CRIME_CrimeTriggers.txt:2219
1	ProcDoDebugSetup	GLO_PartyPresets.txt:39
1	ProcDoStartOneShotAD	__OneshotDialogs.txt:287
1	ProcDoStartOneShotDialog	__OneshotDialogs.txt:95
1	ProcDoTriggerRegisterForPlayers	_AAA_FirstGoal.txt:258
1	ProcFaceEachother	__PROC.txt:851
1	ProcForceLeaveCombat	GLO_Arena_LMS.txt:150
1	ProcGiveAnimalFood	__GLOBAL_Dialogs.txt:580
1	ProcGiveQuestReward	_Global_JournalHelper.txt:738
1	ProcHandleDefaultDialogSetting	__PROC.txt:305
1	ProcHandleSneakSpotted	_Global_Procedure.txt:266
1	ProcKillCounterReached	_Global_Procedure.txt:37
1	ProcLaunchTestCompanionQueueTimer	_GLOBAL_Shared_RelationshipDialogs.txt:33
1	ProcLeavePartyIfRelationLow	_PlayerAlignments.txt:57
1	ProcLockSpotting	_AdvancedSneakTriggerSpotter.txt:44
1	ProcMarkPartyAsGivenReward	_Global_JournalHelper.txt:747
1	ProcMovePartyToStart	Z_Shared_CharacterCreation.txt:308
1	ProcObjectTimerFinished	__PROC.txt:877
1	ProcOriginReturnToRecruitmentPos	_GLO_Shared_Origins.txt:214
1	ProcProcessCombineItem	_CRIME_CrimeTriggers.txt:3882
1	ProcProcessCustomCombineResponse	_CRIME_CrimeTriggers.txt:4030
1	ProcProcessLockpickItem	_CRIME_CrimeTriggers.txt:3872
1	ProcProcessMoveOfItem	_CRIME_CrimeTriggers.txt:3860
1	ProcProcessPickupOfItem	_CRIME_CrimeTriggers.txt:3866
1	ProcProcessUseOfItem	_CRIME_CrimeTriggers.txt:3854
1	ProcProcessUseOfItemWithStatus	_CRIME_CrimeTriggers.txt:3853
1	ProcQuestCategorySet	_Global_JournalHelper.txt:713
1	ProcQuestSetCategory	_Global_JournalHelper.txt:703
1	ProcReceiveActivatedTriggers	_AdvancedSneakTriggerSpotter.txt:43
1	ProcRegionEnded	__PROC.txt:1511
1	ProcRegisterTriggersForCharacters	_AAA_FirstGoal.txt:360
1	ProcRegisterTriggersForRegion	_AAA_FirstGoal.txt:358
1	ProcRemoveDBTrespassTrigger	_CRIME_CrimeTriggers.txt:1283
1	ProcRemoveDialogEntryForSpeaker	__PROC.txt:350
1	ProcRemoveGenericTimer	_GLO_Shared_PartyMembers.txt:854
1	ProcRemoveOtherOrigins	Z_Shared_CharacterCreation.txt:47
1	ProcRemovePreviousDummy	Z_Shared_CharacterCreation.txt:269
1	ProcRestoreSavedDialog	_GLOBAL_Shared_ReflectionDialog.txt:153
1	ProcSelectDebugAVATAR	GLO_PartyPresets.txt:31
1	ProcSelectMove	__PROC.txt:1090
1	ProcSendMoveRequestResult	_CRIME_CrimeTriggers.txt:3820
1	ProcSetAnimalFoodEvents	__GLOBAL_Dialogs.txt:598
1	ProcSetCounterCombatID	_Global_Procedure.txt:60
1	ProcSetCurrentGameMode	_AAA_FirstGoal.txt:40
1	ProcSetDialogGoldCheckAmount	_AAA_FirstGoal.txt:80
1	ProcSetDialogItemTemplateCheckAmount	_AAA_FirstGoal.txt:81
1	ProcSetHasMetDBEntry	__GLOBAL_Dialogs.txt:54
1	ProcSetHasMetTag	__GLOBAL_Dialogs.txt:17
1	ProcSetHostileToIndivPlayer	_Greevers_Little_Helpers.txt:827
1	ProcSetMagicPocketsItemTemplatecount	_GLOBAL_ItemEvents.txt:153
1	ProcSetPlayerAlignment	_PlayerAlignments.txt:36
1	ProcSetSelectedCharCreationPlayer	Z_Shared_CharacterCreation.txt:247
1	ProcSetSneakyTriggerVar	_AdvancedSneakTriggerSpotter.txt:14
1	ProcSetStoryNPC	_AAA_FirstGoal.txt:88
1	ProcSetupDebugParty	GLO_PartyPresets.txt:38
1	ProcSetupGenericOrigin	Z_Shared_CharacterCreation.txt:421
1	ProcSharePrivateFlags	_Global_JournalHelper.txt:398
1	ProcShareQuestFlagWith	_Global_JournalHelper.txt:422
1	ProcShareQuestUpdate	_Global_JournalHelper.txt:291
1	ProcShowForbiddenItemText	_Global.txt:37
1	ProcShowMarker	_GLOBAL_Subregions.txt:38
1	ProcStartChildDialog	__GLOBAL_Dialogs.txt:838
1	ProcStartEffectsForRegion	_GLOBAL_Effects.txt:294
1	ProcStartInterrogationDialog	_CRIME_CrimeTriggers.txt:890
1	ProcStartLoopBeamEffectsForRegion	_GLOBAL_Effects.txt:232
1	ProcStartLoopEffectsForRegion	_GLOBAL_Effects.txt:231
1	ProcStartNPCDialog	__PROC.txt:298
1	ProcStartOneShotDialog	__OneshotDialogs.txt:175
1	ProcStartOriginIntroduction	_GLO_Shared_Origins.txt:903
1	ProcStartPartyDecisionDialog	_GLOBAL_Shared_PartyDecisionDialogs.txt:22
1	ProcStartReflectionDialog	_GLOBAL_Shared_ReflectionDialog.txt:178
1	ProcStopEffectsForRegion	_GLOBAL_Effects.txt:289
1	ProcStopLoopBeamEffectsForRegion	_GLOBAL_Effects.txt:190
1	ProcStopLoopEffectsForRegion	_GLOBAL_Effects.txt:189
1	ProcStoreFlagState	_Global_JournalHelper.txt:290
1	ProcStoreSharedQuestFlag	_Global_JournalHelper.txt:293
1	ProcTriggerLimbEatingDialog	_GLOBAL_ItemEvents.txt:98
1	ProcTryMergingCrimes	_CRIME_CrimeTriggers.txt:1449
1	ProcTryStartDefaultDialog	__PROC.txt:290
1	ProcUnPausePeaceTimerIfNoPlayerInCombat	__PROC.txt:667
1	ProcUnregisterForUserIDChanged	_Greevers_Little_Helpers.txt:679
1	ProcUnregisterTriggersForCharacters	_AAA_FirstGoal.txt:361
1	ProcUnregisterTriggersForRegion	_AAA_FirstGoal.txt:359
1	ProcVerifyDebugAvatar	GLO_PartyPresets.txt:58
1	ProcVerifyFlagState	_Global_JournalHelper.txt:294
1	ProcWarnPlayerOfAttack	_CRIME_CrimeTriggers.txt:1726
1	Proc_ArenaSavegameLoaded_CheckForPvpPlayers_MergeTeam	GLO_Arena.txt:1217
1	Proc_Arena_CheckAvailableCharacters_1	GLO_Arena.txt:43
1	Proc_Arena_CheckOtherPlayers	GLO_Arena.txt:58
1	Proc_Arena_CheckWinCondition_CheckForLMS	GLO_Arena.txt:776
1	Proc_Arena_Clear	GLO_Arena.txt:979
1	Proc_Arena_ClearPlayerCheck	GLO_Arena.txt:1124
1	Proc_Arena_Initiate	GLO_Arena.txt:550
1	Proc_Arena_LastManStanding_SetWinState	GLO_Arena_LMS.txt:467
1	Proc_Arena_PVP_Reassigned	GLO_Arena.txt:1301
1	Proc_Arena_SetMobsOffStage	GLO_Arena.txt:804
1	Proc_Arena_SetUpTeams	GLO_Arena.txt:309
1	Proc_Arena_SetUp_CheckDialogResults	GLO_Arena_LMS.txt:184
1	Proc_Arena_SetUp_LastManStanding_1	GLO_Arena_LMS.txt:250
1	Proc_Arena_SetUp_LastManStanding_2	GLO_Arena_LMS.txt:376
1	Proc_Arena_SetUp_LastManStanding_InitiateDialog_1	GLO_Arena_LMS.txt:43
1	Proc_Arena_SetUp_LastManStanding_RemoveChar	GLO_Arena_LMS.txt:321
1	Proc_Arena_Win_RingGirl	GLO_Arena.txt:797
1	Proc_CheckForItemTagInMagicPockets	_GLOBAL_ItemEvents.txt:664
1	Proc_CheckPlayTut	_GLO_Shared_Origins.txt:301
1	Proc_CreatePortalAndLeave	_Greevers_Little_Helpers.txt:1962
1	Proc_GLO_Arena_NonLethal_RemoveTalents	GLO_Arena.txt:638
1	Proc_GLO_Arena_NonLethal_RestoreTalents	GLO_Arena.txt:739
1	Proc_GLO_Origins_RemoveRecruitmentDialogs	_GLO_Shared_Origins.txt:655
1	Proc_HomesteadTeleportAfterMirror	_Global_Homestead.txt:101
1	Proc_ItemMoveToPosition	_Greevers_Little_Helpers.txt:803
1	Proc_JDF_CreateCustomFlagsDependency	_Global_JournalHelper.txt:789
1	Proc_JDF_DependenciesMet	_Global_JournalHelper.txt:821
1	Proc_NPCGivesItemFromTemplate	_GLOBAL_ItemEvents.txt:830
1	Proc_ObjectLeftCombat	__Combat.txt:60
1	Proc_OnRemoveItemTemplateFromChar	_GLOBAL_ItemEvents.txt:716
1	Proc_PartyDecisionDialog_Cleanup	_GLOBAL_Shared_PartyDecisionDialogs.txt:155
1	Proc_PartyDecisionDialog_CollectPlayers	_GLOBAL_Shared_PartyDecisionDialogs.txt:29
1	Proc_PartyDecisionDialog_Phase1	_GLOBAL_Shared_PartyDecisionDialogs.txt:30
1	Proc_PartyDecisionDialog_Phase2	_GLOBAL_Shared_PartyDecisionDialogs.txt:191
1	Proc_PlayerGivesItemFromTemplate	_GLOBAL_ItemEvents.txt:820
1	Proc_ReflectionDialogDone	_GLOBAL_Shared_ReflectionDialog.txt:312
1	Proc_ReflectionDialog_CancelForPlayer	_GLO_Shared_Origins.txt:171
1	Proc_ReflectionDialog_CollectPlayers	_GLOBAL_Shared_ReflectionDialog.txt:210
1	Proc_ReflectionDialog_Phase1	_GLOBAL_Shared_ReflectionDialog.txt:211
1	Proc_RemoveItemFromTemplate	_GLOBAL_ItemEvents.txt:849
1	Proc_RemoveItemFromTemplateContinueIfFailed	_GLOBAL_ItemEvents.txt:850
1	Proc_RemoveSourcePoints	_Greevers_Little_Helpers.txt:1129
1	Proc_ShakeCameraForTime	_PROC_AUDIO.txt:133
1	Proc_TransferMoneyInDialog	_GLOBAL_ItemEvents.txt:424
1	PyramidEnabled	_GLOBAL_TeleporterPyramids.txt:358
1	QRYItemStatusIsNotAppliedToUser	_CRIME_CrimeTriggers.txt:3925
1	QRY_AnyRegionActive	_AAA_FirstGoal.txt:583
1	QRY_BlockAttackAD	_CRIME_CrimeTriggers.txt:1531
1	QRY_CRIME_PlayerInDialogTeleportedTooFar	_CRIME_CrimeTriggers.txt:1630
1	QRY_CharIsAboutToResurrect	_Greevers_Little_Helpers.txt:2237
1	QRY_CharacterIsNotDisabled	QRY_Characters.txt:85
1	QRY_CheckPlayerStat	_Greevers_Little_Helpers.txt:1478
1	QRY_CrimeBribes_DisableBribe	_CRIME_CrimeBribes.txt:206
1	QRY_GLOBAL_CrimeDialogIntercept_Wrapper	__GLOBAL_Dialogs.txt:123
1	QRY_GLO_IsOrWasInCombat	__Combat.txt:79
1	QRY_GLO_IsVisibleUndead	_Greevers_Little_Helpers.txt:1161
1	QRY_GLO_LVHub_PlayerChests_PlayerHasChest	_GLO_Homestead_PlayerChests.txt:296
1	QRY_GLO_PartyMembers_AnyTempRemoved	_GLO_Shared_PartyMembers.txt:929
1	QRY_GLO_PartyMembers_BlockBackpackOnDeath	_GLO_Shared_PartyMembers.txt:675
1	QRY_GLO_PartyMembers_GetInPartyDialog	_GLO_Shared_Origins.txt:41
1	QRY_GLO_PartyMembers_IsKickedAvatarNpc	_GLO_Shared_PartyMembers.txt:907
1	QRY_GLO_PartyMembers_UserHasOtherCharacters	_GLO_Shared_PartyMembers.txt:289
1	QRY_IsAvailableTo	_Greevers_Little_Helpers.txt:1197
1	QRY_IsEmptyDB	_Greevers_Little_Helpers.txt:1453
1	QRY_IsInRange	_Greevers_Little_Helpers.txt:1460
1	QRY_IsTrueRace	_GLOBAL_Shared_Shapeshifting.txt:220
1	QRY_IsTrueUndead	_GLOBAL_Shared_Shapeshifting.txt:227
1	QRY_OriginRelationModify	_GLO_Shared_Origins.txt:495
1	QRY_PlayOriginMoment	__GLOBAL_Dialogs.txt:130
1	QRY_SFI_PEN_HostileToPlayergroupAfterDialog_InHostileDialog	_Greevers_Little_Helpers.txt:982
1	QRY_SpeakerBlockedBycombat	QRY_Characters.txt:75
1	QRY_SpeakerIsAvailableForCombat	QRY_Characters.txt:100
1	QRY_TUT_DragIcon_ProfileDB	_GLOBAL_TutorialMessages.txt:417
1	QRY_UnlockWaypoint_AlreadyUnlockedForParty	_Waypoints.txt:64
1	QryBlockEffectInCombat	_GLOBAL_Effects.txt:324
1	QryCanMergeCrimes	_CRIME_CrimeTriggers.txt:1505
1	QryCheckOtherPlayersInTrigger	_AAA_FirstGoal.txt:242
1	QryCrimeCharacterCanCreateMurder	_CRIME_CrimeTriggers.txt:2498
1	QryCrimeClearCombineItemBD	_CRIME_CrimeTriggers.txt:4280
1	QryCrimeCombinedItemsAreValid	_CRIME_CrimeTriggers.txt:4303
1	QryCrimeOnlyHasSummonCriminal	_CRIME_CrimeTriggers.txt:799
1	QryCrimeTrespassUnavailableLeadDetected	_CRIME_CrimeTriggers.txt:1431
1	QryCrimeWarningPickPocketFailed_NpcDoesNOTCheckEvidence	_CRIME_CrimeTriggers.txt:3014
1	QryHasNeutralBlockTag	_CRIME_CrimeTriggers.txt:1679
1	QryIgnoreDamageSource	_CRIME_CrimeTriggers.txt:1900
1	QryItemInMagicPockets	_GLOBAL_ItemEvents.txt:124
1	QryItemTemplateInMagicPockets	_GLOBAL_ItemEvents.txt:131
1	QryItemTemplateInMagicPocketsCount	_GLOBAL_ItemEvents.txt:147
1	QryRemoveItemTemplateFromMagicPockets	_GLOBAL_ItemEvents.txt:180
1	QryRemoveTaggedItemFromMagicPockets	_GLOBAL_ItemEvents.txt:189
1	QryRemoveTaggedLocalItemsFromMagicPockets	_GLOBAL_ItemEvents.txt:156
1	QryTaggedItemInMagicPockets	_GLOBAL_ItemEvents.txt:140
1	QryTakeItemFromMagicPockets	_GLOBAL_ItemEvents.txt:165
1	QryTakeItemTemplateFromMagicPockets	_GLOBAL_ItemEvents.txt:172
1	Qry_HasDontCreateMurderInCombat	_CRIME_CrimeTriggers.txt:2716
1	QueryOnlyOnce	_Greevers_Little_Helpers.txt:569
1	Query_CharacterIsAliveAndNotInCombat	_Greevers_Little_Helpers.txt:1469
1	QuestHasUpdate	_Global_JournalHelper.txt:381
1	QuestReceiveSharedUpdate	_Global_JournalHelper.txt:367
1	QuestSetCategory	_Global_JournalHelper.txt:712
1	QuestUpdate	_Global_JournalHelper.txt:92
1	RegisterWaypoint	_Waypoints.txt:10
1	RemoveOneShotAD	__OneshotDialogs.txt:274
1	RemoveOneShotDialog	__OneshotDialogs.txt:165
1	RemoveOneShotTrigger	_AAA_FirstGoal.txt:647
1	ResetInsults	_Trade.txt:152
1	SetVarFloat	__PROC.txt:1287
1	ShowNotification	_Waypoints.txt:44
1	SonyRealtimeMultiplayerEvent	Z_Shared_CharacterCreation.txt:317
1	Stack_Internal	_Greevers_Little_Helpers.txt:81
1	StartHostileDialog	__GLOBAL_Dialogs.txt:726
1	StartHostileDialog_1	__GLOBAL_Dialogs.txt:606
1	StartThreatenedDialog	__GLOBAL_Dialogs.txt:744
1	StopLoopEffect	_GLOBAL_Effects.txt:148
1	SysClear	_Global_JournalHelper.txt:854
1	SysCount	_Greevers_Little_Helpers.txt:1455
1	TimerPause	__PROC.txt:658
1	TimerUnpause	__PROC.txt:685
1	TransferItemsToCharacter	_GLO_Shared_PartyMembers.txt:259
1	TransferItemsToUser	_GLO_Shared_PartyMembers.txt:271
1	TriggerClearItemTemplateOwners	_CRIME_ItemOwnership.txt:51
1	TriggerRegisterForItems	_GLOBAL_TeleporterPyramids.txt:62
1	TriggerSetItemOwner	_CRIME_ItemOwnership.txt:29
1	TriggerUnregisterForItems	_GLOBAL_TeleporterPyramids.txt:69
1	UnlockJournalRecipe	__GLOBAL_ItemInteraction.txt:14
1	UserAddGold	_GLOBAL_ItemEvents.txt:288
1	UserFindTaggedItem	_GLOBAL_ItemEvents.txt:142
1	UserRest	GLO_Resting.txt:13
1	proc_CriminalMakeHostileAfterDialog	_CRIME_Prison.txt:447
1	proc_LizardFirstShovelUse	__GLO_Shovel.txt:94
